-- phpMyAdmin SQL Dump
-- version 4.4.14
-- http://www.phpmyadmin.net
--
-- Host: 127.0.0.1
-- Generation Time: Dec 19, 2015 at 11:50 AM
-- Server version: 5.6.26
-- PHP Version: 5.6.12

SET SQL_MODE = "NO_AUTO_VALUE_ON_ZERO";
SET time_zone = "+00:00";


/*!40101 SET @OLD_CHARACTER_SET_CLIENT=@@CHARACTER_SET_CLIENT */;
/*!40101 SET @OLD_CHARACTER_SET_RESULTS=@@CHARACTER_SET_RESULTS */;
/*!40101 SET @OLD_COLLATION_CONNECTION=@@COLLATION_CONNECTION */;
/*!40101 SET NAMES utf8mb4 */;

--
-- Database: `electronicstore`
--

-- --------------------------------------------------------

--
-- Table structure for table `brands`
--

CREATE TABLE IF NOT EXISTS `brands` (
  `id` int(10) unsigned NOT NULL,
  `brand_name` varchar(255) COLLATE utf8_unicode_ci NOT NULL,
  `brand_type` varchar(200) COLLATE utf8_unicode_ci NOT NULL,
  `created_at` timestamp NOT NULL DEFAULT '0000-00-00 00:00:00',
  `updated_at` timestamp NOT NULL DEFAULT '0000-00-00 00:00:00'
) ENGINE=InnoDB AUTO_INCREMENT=20 DEFAULT CHARSET=utf8 COLLATE=utf8_unicode_ci;

--
-- Dumping data for table `brands`
--

INSERT INTO `brands` (`id`, `brand_name`, `brand_type`, `created_at`, `updated_at`) VALUES
(1, 'Apple', 'phone_desktop_laptop', '2015-11-20 06:38:16', '2015-11-20 06:38:16'),
(2, 'Sam Sung', 'phone_camera_tv', '2015-11-20 06:38:16', '2015-11-20 06:38:16'),
(3, 'Sony', 'phone_camera_tv', '2015-11-20 06:38:16', '2015-11-20 06:38:16'),
(4, 'Oppo', 'phone', '2015-11-20 06:38:16', '2015-11-20 06:38:16'),
(5, 'Nokia', 'phone', '2015-11-20 06:38:16', '2015-11-20 06:38:16'),
(7, 'Canon', 'camera', '0000-00-00 00:00:00', '2015-12-07 03:35:23'),
(9, 'Fujifilm', 'camera', '0000-00-00 00:00:00', '0000-00-00 00:00:00'),
(10, 'Nikon', 'camera', '0000-00-00 00:00:00', '0000-00-00 00:00:00'),
(11, 'DELL', 'laptop_desktop', '0000-00-00 00:00:00', '0000-00-00 00:00:00'),
(12, 'Acer', 'laptop_desktop', '0000-00-00 00:00:00', '0000-00-00 00:00:00'),
(13, 'Asus', 'laptop_desktop', '0000-00-00 00:00:00', '0000-00-00 00:00:00'),
(14, 'HP', 'laptop_desktop', '0000-00-00 00:00:00', '0000-00-00 00:00:00'),
(15, 'LG', 'tv', '0000-00-00 00:00:00', '0000-00-00 00:00:00'),
(16, 'Toshiba', 'tv', '0000-00-00 00:00:00', '0000-00-00 00:00:00'),
(17, 'Panasonic', 'tv', '0000-00-00 00:00:00', '0000-00-00 00:00:00'),
(19, 'Sharp', 'tv', '2015-12-07 02:04:48', '2015-12-07 03:34:40');

-- --------------------------------------------------------

--
-- Table structure for table `migrations`
--

CREATE TABLE IF NOT EXISTS `migrations` (
  `migration` varchar(255) COLLATE utf8_unicode_ci NOT NULL,
  `batch` int(11) NOT NULL
) ENGINE=InnoDB DEFAULT CHARSET=utf8 COLLATE=utf8_unicode_ci;

--
-- Dumping data for table `migrations`
--

INSERT INTO `migrations` (`migration`, `batch`) VALUES
('2014_10_12_000000_create_users_table', 1),
('2014_10_12_100000_create_password_resets_table', 1),
('2015_11_18_082101_create_types_table', 1),
('2015_11_18_083023_create_brands_table', 1),
('2015_11_18_083808_create_products_table', 1),
('2015_12_13_040812_Create_Orders_Table', 2),
('2015_12_13_040857_Create_OrderDetails_Table', 2),
('2015_12_14_071214_create_admin_table', 3),
('2015_12_15_082316_create_orderdetails_table', 4),
('2015_12_15_083113_create_orders_table', 5);

-- --------------------------------------------------------

--
-- Table structure for table `orderdetails`
--

CREATE TABLE IF NOT EXISTS `orderdetails` (
  `id` int(10) unsigned NOT NULL,
  `ordered_id` int(11) NOT NULL,
  `user_id` int(11) NOT NULL,
  `product_id` int(11) NOT NULL,
  `quantity` int(11) NOT NULL,
  `price` double NOT NULL,
  `created_at` timestamp NOT NULL DEFAULT '0000-00-00 00:00:00',
  `updated_at` timestamp NOT NULL DEFAULT '0000-00-00 00:00:00'
) ENGINE=InnoDB AUTO_INCREMENT=8 DEFAULT CHARSET=utf8 COLLATE=utf8_unicode_ci;

--
-- Dumping data for table `orderdetails`
--

INSERT INTO `orderdetails` (`id`, `ordered_id`, `user_id`, `product_id`, `quantity`, `price`, `created_at`, `updated_at`) VALUES
(1, 2, 2, 0, 1, 18490000, '2015-12-15 01:33:42', '2015-12-15 01:33:42'),
(2, 2, 2, 0, 3, 6990000, '2015-12-15 01:33:42', '2015-12-15 01:33:42'),
(3, 3, 6, 0, 1, 39299999, '2015-12-16 22:57:31', '2015-12-16 22:57:31'),
(4, 3, 6, 0, 1, 15990000, '2015-12-16 22:57:31', '2015-12-16 22:57:31'),
(5, 6, 6, 11, 1, 30000000, '2015-12-16 23:02:28', '2015-12-16 23:02:28'),
(6, 7, 2, 29, 1, 20000000, '2015-12-16 23:03:57', '2015-12-16 23:03:57'),
(7, 7, 2, 12, 1, 59900000, '2015-12-16 23:03:57', '2015-12-16 23:03:57');

-- --------------------------------------------------------

--
-- Table structure for table `orders`
--

CREATE TABLE IF NOT EXISTS `orders` (
  `id` int(10) unsigned NOT NULL,
  `user_id` int(11) NOT NULL,
  `received_date` date NOT NULL,
  `address` varchar(255) COLLATE utf8_unicode_ci NOT NULL,
  `receiver_name` varchar(255) COLLATE utf8_unicode_ci NOT NULL,
  `phone` int(11) NOT NULL,
  `status` int(11) NOT NULL,
  `created_at` timestamp NOT NULL DEFAULT '0000-00-00 00:00:00',
  `updated_at` timestamp NOT NULL DEFAULT '0000-00-00 00:00:00'
) ENGINE=InnoDB AUTO_INCREMENT=8 DEFAULT CHARSET=utf8 COLLATE=utf8_unicode_ci;

--
-- Dumping data for table `orders`
--

INSERT INTO `orders` (`id`, `user_id`, `received_date`, `address`, `receiver_name`, `phone`, `status`, `created_at`, `updated_at`) VALUES
(1, 2, '2015-12-24', 'Đường số 2 Quận 2 thành phố Hồ Chí Minh', 'Lê Tí', 1222221055, 0, '2015-12-15 01:33:21', '2015-12-16 20:38:18'),
(2, 2, '2015-12-30', 'Thủ Đức District', 'Tèo Lê', 1222221055, 0, '2015-12-15 01:33:42', '2015-12-15 01:33:42'),
(3, 6, '2015-12-24', '123 Đại học Sư phạm Kỹ thuật TPHCM', 'Hoàng Việt', 1238014905, 0, '2015-12-16 22:57:31', '2015-12-16 22:57:31'),
(4, 6, '2015-12-30', 'ABC Quận 9', 'Hoàng Việt', 1222221055, 0, '2015-12-16 22:59:54', '2015-12-16 22:59:54'),
(5, 6, '2015-12-30', 'Thủ Đức District 1122', 'Lê Tí', 1222221055, 0, '2015-12-16 23:02:13', '2015-12-16 23:02:13'),
(6, 6, '2015-12-30', 'Thủ Đức District 1122', 'Lê Tí', 1222221055, 0, '2015-12-16 23:02:28', '2015-12-17 00:33:38'),
(7, 2, '2015-12-31', '32 Huyện Long Thành, tỉnh Đồng Nai', 'Quốc Huy', 1238014905, 0, '2015-12-16 23:03:57', '2015-12-16 23:03:57');

-- --------------------------------------------------------

--
-- Table structure for table `password_resets`
--

CREATE TABLE IF NOT EXISTS `password_resets` (
  `email` varchar(255) COLLATE utf8_unicode_ci NOT NULL,
  `token` varchar(255) COLLATE utf8_unicode_ci NOT NULL,
  `created_at` timestamp NOT NULL DEFAULT '0000-00-00 00:00:00'
) ENGINE=InnoDB DEFAULT CHARSET=utf8 COLLATE=utf8_unicode_ci;

--
-- Dumping data for table `password_resets`
--

INSERT INTO `password_resets` (`email`, `token`, `created_at`) VALUES
('huyle2607@gmail.com', '716575ca41faa568d5f2f039b1b7201ec9e7f606e8ef1afd5a4aa1d12378099d', '2015-12-12 20:19:07');

-- --------------------------------------------------------

--
-- Table structure for table `products`
--

CREATE TABLE IF NOT EXISTS `products` (
  `id` int(10) unsigned NOT NULL,
  `product_name` varchar(255) COLLATE utf8_unicode_ci NOT NULL,
  `type_id` int(11) NOT NULL,
  `brand_id` int(11) NOT NULL,
  `price` double NOT NULL,
  `sale_price` double NOT NULL,
  `quantity` int(11) NOT NULL,
  `is_feature` int(1) NOT NULL DEFAULT '0',
  `is_disabled` int(1) NOT NULL DEFAULT '0',
  `image1` varchar(255) COLLATE utf8_unicode_ci DEFAULT NULL,
  `image2` varchar(255) COLLATE utf8_unicode_ci DEFAULT NULL,
  `image3` varchar(255) COLLATE utf8_unicode_ci DEFAULT NULL,
  `thumbnail1` varchar(150) COLLATE utf8_unicode_ci DEFAULT NULL,
  `thumbnail2` varchar(150) COLLATE utf8_unicode_ci DEFAULT NULL,
  `thumbnail3` varchar(150) COLLATE utf8_unicode_ci DEFAULT NULL,
  `product_info` text COLLATE utf8_unicode_ci NOT NULL,
  `short_description` text COLLATE utf8_unicode_ci NOT NULL,
  `description` text COLLATE utf8_unicode_ci NOT NULL,
  `created_at` timestamp NOT NULL DEFAULT '0000-00-00 00:00:00',
  `updated_at` timestamp NOT NULL DEFAULT '0000-00-00 00:00:00'
) ENGINE=InnoDB AUTO_INCREMENT=59 DEFAULT CHARSET=utf8 COLLATE=utf8_unicode_ci;

--
-- Dumping data for table `products`
--

INSERT INTO `products` (`id`, `product_name`, `type_id`, `brand_id`, `price`, `sale_price`, `quantity`, `is_feature`, `is_disabled`, `image1`, `image2`, `image3`, `thumbnail1`, `thumbnail2`, `thumbnail3`, `product_info`, `short_description`, `description`, `created_at`, `updated_at`) VALUES
(1, 'iPhone 6s', 1, 1, 27490000, 0, 100, 0, 0, 'iphone6s_i1.png', 'iphone6s_i2.png', 'iphone6s_i3.png', 'thumbnail-iphone6s_i1.png', 'thumbnail-iphone6s_i2.png', 'thumbnail-iphone6s_i3.png', 'Màn hình:Retina HD 4.7" 1334 x 750, CPU:Apple A9, 2 nhân, Dual-core 1.8 GHz, Ram : 2GB, Hệ điều hành iOS : 9.0. Camera chính : 12.0 MP, Quay phim 4k, Camera phụ : 5.0 MP, Bộ nhớ trong : 128GB, Dung lượng bin : 1715 mAh.', 'iPhone 6S sẽ mang đến những trải nghiệm mới hoàn toàn với camera mạnh mẽ,chụp ảnh Live Photos cũng sẽ mang lại nhiều điểm thú vị.\r\n', 'iPhone 6s cho bạn một cảm giác thật khác biệt ngay từ khi chạm vào. Chỉ với một cú ấn nhe, công nghệ 3D Touch mang đến cho bạn sức mạnh để làm mọi thứ. Những khoảnh khắc đáng nhớ sẽ được thể hiện sống động như thật với Live Photos. Và tất cả chỉ bước khởi', '0000-00-00 00:00:00', '2015-12-16 21:34:08'),
(2, 'Sony Xperia Z5 Dual', 1, 3, 16990000, 14999999, 100, 1, 0, 'SonyXperiaZ5Dual_i1.png', 'SonyXperiaZ5Dual_i2.jpg', 'SonyXperiaZ5Dual_i3.jpg', 'thumbnail-SonyXperiaZ5Dual_i1.png', 'thumbnail-SonyXperiaZ5Dual_i2.jpg', 'thumbnail-SonyXperiaZ5Dual_i3.jpg', 'Màn hình : 5,5 inch 4K UHD (3840x2160), 806 PPI, CPU Qualcomm Snapdragon 810 (MSM8994) GPU Adreno 430, Raman, Ram 3gb, hệ điều hành Google Android™ 5.1 (Lollipop), Camera chính 1/2,3 inch 23 MP, cảm biến Sony Exmor RS™, camera phụ Camera trước 5 MP cùng cảm biến Sony Exmor R™,  bộ nhớ trong 32gb, dung lượng bin Pin: 3430 mAh.\r\n', 'Đã đến lúc tỏa sáng với Chiếc điện thoại thông minh của tương lai đã lộ diện. Hãy sẵn sàng đón nhận màn hình 4K** đẳng cấp vượt trội.\r\n', 'Hãng điện thoại Sony vừa chính thức giới thiệu chiếc flagship mới nhất của họ - Sony Xperia Z5 trong sự kiện IFA 2015. Sony Xperia Z5 được xem là chiếc smartphone có sự bứt phá lớn về cấu hình so với màn hình 5,2 inch, camera 23MP có khả năng tự động lấy ', '0000-00-00 00:00:00', '0000-00-00 00:00:00'),
(3, 'Sony Xperia Z3 Plus', 1, 3, 15990000, 0, 100, 1, 0, 'SonyXperiaZ3Plus_i1.png', 'SonyXperiaZ3Plus_i2.jpg', 'SonyXperiaZ3Plus_i3.jpg', 'thumbnail-SonyXperiaZ3Plus_i1.png', 'thumbnail-SonyXperiaZ3Plus_i2.jpg', 'thumbnail-SonyXperiaZ3Plus_i3.jpg', 'Màn hình :5.2 inch (1080 x 1920 pixels ), Camera : Camera chính 20.7 MP; Phụ 5.0 MP, Bộ nhớ trong : 32 GB, Hệ điều hành : Android 5.0 (Lollipop), CPU : Quad-core 1.5 GHz Cortex-A53 & Quad-core 2 GHz Cortex-A57, Bộ nhớ trong : 32 GB, Dung lượng pin : 2930 mAh\r\n', 'Sony Xperia Z3 Plus có thiế kế mỏng, tất cả các chi tiết thiết kế đều được làm hết sức tỉ mỉ. Mang đến cho người dùng một thiết bị sang trọng, ấn tượn', 'Sony Xperia Z3 Plus không có nhiều thay đổi trong thiết kế so với người tiền nhiệm. Ngôn ngữ thiết kế Omnibalance với khung nhôm nguyên khối và hai mặt kính sang trọng vẫn được duy trì. Ở mặt trước, hai dãi loa trên và dưới đã được di chuyển ra sát cạnh v', '0000-00-00 00:00:00', '0000-00-00 00:00:00'),
(4, 'Microsoft Lumia 640 XL', 1, 5, 4590000, 0, 100, 1, 0, 'MicrosoftLumia640XL_i1.png', 'MicrosoftLumia640XL_i2.jpg', 'MicrosoftLumia640XL_i3.jpg', 'thumbnail-MicrosoftLumia640XL_i1.png', 'thumbnail-MicrosoftLumia640XL_i2.jpg', 'thumbnail-MicrosoftLumia640XL_i3.jpg', 'Màn hình : 5.7 inch (720 x 1280 pixels), Camera : Chính: 13.0 MP, Phụ: 5.0 MP, Bộ nhớ trong : 8 GB, Hệ điều hành : Windows Phone 8.1, CPU : Quad-core 1.2 GHz, Bộ nhớ trong : 8GB, Dung lượng pin : 3000 mAh\r\n', 'Với hệ điều hành Windows Phone 8.1 trên Microsoft Lumia 640 XL bạn sẽ được trải nghiệm vô vàn tiện ích chỉ thường thấy trên các dòng sản phẩm Lumia ca', 'Lumia 640 XL là chiếc phablet tầm trung mới nhất của Microsoft, máy nổi bật bởi thiết kế đầy màu sắc, màn hình HD kích thước lớn 5.7 inch, cấu hình mạnh mẽ trên nền tảng hệ điều hành Windows Phone 8.1 mượt mà và bộ đôi camera độ phân giải cao.', '0000-00-00 00:00:00', '2015-12-16 21:30:55'),
(5, 'Nokia Lumia 730 Dual SIM', 1, 5, 3990000, 0, 100, 0, 0, 'NokiaLumia730DualSIM_i3.png', 'NokiaLumia730DualSIM_i1.jpg', 'NokiaLumia730DualSIM_i2.jpg', 'thumbnail-NokiaLumia730DualSIM_i3.png', 'thumbnail-NokiaLumia730DualSIM_i1.jpg', 'thumbnail-NokiaLumia730DualSIM_i2.jpg', 'Màn hình : 4.7 inch (720 x 1280 pixels), Camera : Chính: 6.7 MP, Phụ: 5.0 MP, Bộ nhớ trong : 8 GB, Hệ điều hành : Windows Phone 8.1, CPU : Quad-core 1.2 GHz.  Bộ nhớ trong: 8GB, Dung lượng pin : 2200 mAh\r\n', 'Nokia Lumia 730 là chiếc điện thoại được thiết kế để phục vụ tốt cho nhu cầu giải trí, đặc biệt là việc chụp ảnh.Lumia với lớp vỏ nhựa màu sắc ôm trọn', 'Màn hình của Lumia 730 có kích thước 4,7" với lớp kính cường lực Gorilla Glass 3 ôm cong vào các cạnh. Tương tự Lumia 620, máy không có 3 nút cảm ứng nên để dư ra một khoảng trống bên dưới màn hình. So với các máy cùng tầm giá thì màn hình dùng tấm nền OL', '2015-11-09 17:00:00', '0000-00-00 00:00:00'),
(6, 'iPhone 6 Plus 16GB', 1, 1, 18490000, 0, 100, 0, 0, 'iPhone6Plus16GB_i1.png', 'iPhone6Plus16GB_i2.jpg', 'iPhone6Plus16GB_i3.jpg', 'thumbnail-iPhone6Plus16GB_i1.png', 'thumbnail-iPhone6Plus16GB_i2.jpg', 'thumbnail-iPhone6Plus16GB_i3.jpg', 'Màn hình : Rentina HD, 5.5", 1080 x 1920 pixels, CPU : Apple A8, 2 nhân, Dual-core 1.4 GHz Cyclone, RAM : 1 GB, Hệ điều hành : iOS 8.0, Camera chính : 8.0 MP, Quay phim FullHD 1080 px , Camera phụ 1.2 MP, Bộ nhớ trong, 16 GB,Dung lượng pin Li-Po 2915 mAh.\r\n', 'IPhone 6+ rất tuyệt, màn hình xuất sắc, máy cực nhanh, thời lượng pin gần bằng iPad và camera tốt.\r\n', 'iOS 9 tự hào khẳng định là hệ điều hành tiên tiến, thông minh và bảo mật nhất thế giới với các ứng dụng được tích hợp mạnh mẽ, tính năng Siri và hệ thống được cải thiện đáng kể, kết hợp hoàn hảo với phần cứng từ Apple tạo thành một tổng thể hoạt động mượt', '0000-00-00 00:00:00', '0000-00-00 00:00:00'),
(7, 'Samsung Galaxy S6 Edge Plus', 1, 2, 19990000, 0, 100, 0, 0, 'SamsungGalaxyS6EdgePlus_i1.png', 'SamsungGalaxyS6EdgePlus_i2.jpg', 'SamsungGalaxyS6EdgePlus_i3.jpg', 'thumbnail-SamsungGalaxyS6Edge64GB_i1.jpg', 'thumbnail-SamsungGalaxyS6EdgePlus_i2.jpg', 'thumbnail-SamsungGalaxyS6EdgePlus_i3.jpg', 'Màn hình : DVGA, 5.7 inches, 1440 x 2560 pixels, CPU : Exynos 7420, 8 nhân, Quad-core 1.5 GHz Cortex-A53 & Quad-core 2.1 GHz Cortex-A57, RAM : 4 GB,  Hệ điều hành : Android OS, v5.1.1 (Lollipop), Camera chính : 16 MP, Quay phim FullHD 1080p 30 fps, Camera phụ : 5 MP, Bộ nhớ trong : 32 GB, Dung lượng pin : 3000 mAh\r\n', 'Samsung Galaxy S6 Edge Plus với màn hình cong tràn sang cả hai mặt sẽ tạo ấn tượng mạnh cho bạn ngay từ cái nhìn đầu tiên.\r\n', 'Samsung Galaxy S6 Edge Plus với màn hình cong tràn sang cả hai mặt sẽ tạo ấn tượng mạnh cho bạn ngay từ cái nhìn đầu tiên. Một thiết bị màn hình tuyệt đẹp cùng thiết kế đặc biệt nhất như S6 Edge Plus là tất cả những gì bạn cần.', '0000-00-00 00:00:00', '0000-00-00 00:00:00'),
(8, 'Samsung Galaxy S6 Edge 64GB\r\n', 1, 2, 18490000, 0, 100, 1, 0, 'Samsung-Galaxy-S6-Edge-64GB-2-xl.jpg', 'SamsungGalaxyS6Edge64GB_i1.jpg', 'SamsungGalaxyS6Edge64GB_i3.jpg', 'thumbnail-Samsung-Galaxy-S6-Edge-64GB-2-xl.jpg', 'thumbnail-SamsungGalaxyS6Edge64GB_i1.jpg', 'thumbnail-SamsungGalaxyS6Edge64GB_i3.jpg', 'Màn hình : 5.1 inch (1440 x 2560 pixels), Camera : Chính: 16.0, Phụ: 5.0 MP, Bộ nhớ trong : 64 GB, Hệ điều hành : Android 5.0 Lollipop, CPU : Octa-core (Quad-core 1.5 GHz & Quad-core 2.1 GHz), RAM : 6GB, Dung lượng pin : 2600 mAh.', 'Samsung Galaxy S6 Edge 64GB là chiếc smartphone có màn hình cong hai cạnh đầu tiên trên thế giới, tạo nên một vẻ đẹp sang trọng bậc nhất mà còn có nhữ', 'Máy vẫn có kích thước 142,1 x 70,1 x 7 mm, trọng lượng 132 g, chạy hệ điều hành Android 5.0.2 Lollipop. Bộ xử lý của máy là Exynos 7420 gồm 4 nhân tốc độ 1,5 GHz và 4 nhân tốc độ 2,1 GHz. Máy có RAM 3 GB. Ngoài ra, màn hình máy kích thước 5,1 inch độ phân', '2015-11-09 17:00:00', '2015-12-16 21:31:10'),
(9, 'OPPO R7 Plus', 1, 4, 11490000, 0, 100, 0, 0, 'OPPOR7Plus_i1.png', 'OPPOR7Plus_i2.jpg', 'OPPOR7Plus_i3.jpg', 'thumbnail-OPPOR7Plus_i1.png', 'thumbnail-OPPOR7Plus_i2.jpg', 'thumbnail-OPPOR7Plus_i3.jpg', 'Màn hình :  6.0 inch (1080 x 1920 pixels), Camera : Chính: 13.0 MP, Phụ: 8.0 MP, Bộ nhớ trong : 32 GB, Hệ điều hành : Android 5.1 Lollipop, CPU : Octa-core 1.5GHz,  Ram : 3 GB,  Dung lượng pin : 4100 mAh.\r\n', 'Thiết kế mảnh mai nhưng không kém phần cứng cáp và sang trọng, Oppo R7 Plus mang đến cho người dùng sự lựa chọn tuyệt vời với cấu hình mạnh mẽ và các tính năng độc đáo.\r\n', 'Oppo R7 Plus có thiết kế nguyên khối bằng kim loại. Sản phẩm trang bị màn hình 6 inch Full HD, bộ xử lý 8 nhân Qualcomm Snapdragon 615 xung nhịp 1,5GHz, đồ họa Adreno 405 tích hợp, RAM 3GB, bộ nhớ trong 32GB, camera chính 13MP kèm đèn flash LED kép hỗ trợ', '0000-00-00 00:00:00', '0000-00-00 00:00:00'),
(10, 'OPPO R7 Lite', 1, 4, 6990000, 0, 100, 0, 0, 'Oppo-R7-lite.jpg', 'OPPOR7Lite_i2.jpg', 'OPPOR7Lite_i3.jpg', 'thumbnail-Oppo-R7-lite.jpg', 'thumbnail-OPPOR7Lite_i2.jpg', 'thumbnail-OPPOR7Lite_i3.jpg', 'Màn hình : 5.0 inch (1280 x 720 pixels), Camera : Chính: 13.0 MP, Phụ: 8.0 MP,  Bộ nhớ trong : 16GB, Hệ điều hành : Color OS 2.1, based on Android 5.1, CPU : Quad-core 1.3 GHz Cortex-A53 & quad-core 1.0 GHz Cortex-A53, Ram : 2GB, Dung lượng pin : 2320 mAh\r\n', 'OPPO R7 Lite là chiếc smartphone thế hệ thứ tư của dòng R, dòng điện thoại thời trang của OPPO với nhiều cải tiến về cả thiết kế, hiệu năng. Bạn không chỉ có một chiếc smartphone với những tính năng tuyệt đỉnh mà còn có trong tay cả một món đồ thời trang ', 'máy cung cấp cho người dùng màn hình AMOLED 5 inch độ phân giải HD, vi xử lý Qualcomm Snapdragon 615 tám lõi, RAM 2GB, bộ nhớ 16GB (còn khoảng 10GB trống cho người dùng), khe cắm thẻ nhớ, camera sau 13MP, camera trước 8M, pin 2320 mAh cùng với phần mềm Co', '0000-00-00 00:00:00', '0000-00-00 00:00:00'),
(11, 'Sony HXR - MC2500', 4, 3, 33000000, 30000000, 100, 0, 0, 'SonyHXR-MC2500_i1.jpg', 'SonyHXR-MC2500_i2.jpg', 'SonyHXR-MC2500_i3.jpg', 'thumbnail-SonyHXR-MC2500_i1.jpg', 'thumbnail-SonyHXR-MC2500_i2.jpg', 'thumbnail-SonyHXR-MC2500_i3.jpg', 'Cảm biến (Sensor)1/3.95 inch(4.6mm) back-illuminated Exmor R CMOS Soptical Zoom12xDigital Zoom200xMinimum Illumination (Lux) 1.4lux (MAN setting : SS 1/25sec , Iris F1.8 , Gain 33dB) 0.7lux (MAN setting : SS 1/12sec , Iris F1.8 , Gain 33dB), Độ mở ống kính (Aperture)F1.8 – F3.4, Độ dài tiêu cự (Focal Length)2.9-34.8mm, Độ lớn màn hình LCD (inch)3 inch, Định dạng Video• DVCAM, Tính năng đặc biệt• Quay phim Full HD.', 'Chiếc máy quay trên vai HXR-MC2500 AVCHD của Sony được thiết kế đặc biệt cho những người tìm kiếm sự ổn định và dáng vẻ chuyên nghiệp.\r\n', 'Tổng quan Chiếc máy quay trên vai HXR-MC2500 AVCHD của Sony được thiết kế đặc biệt cho những người tìm kiếm sự ổn định và dáng vẻ chuyên nghiệp. Chiếc máy được lắp đặt bộ cảm biến Exmor R ¼ inch CMOS có khả năng làm việc ở cường độ ánh sáng thấp đến mức 0.8 lux khi ở chế độ SD, ngoài ra khi làm việc ở môi trường thiếu ánh sáng thì chiếc máy cũng đã tích hợp thêm bộ đèn LED có khả năng chiếu sáng ở mức 800 lumens ở độ dài 50cm.\r\nChiếc máy quay video ở chất lượng Full HD và định dạng được sử dụng là AVCHD và ngoài ra Sony HXR – MC2500 khi ở chế độ quay SD có thể mã hóa DV và định mức sẽ chuyển sang AVI thay vì AVCHD như trước. Sử dụng bộ nén DV thay vì MPEG-2 cho chế độ SD sẽ cho chất lượng video tốt hơn vì sử dụng bộ nén thấp cùng dung lượng file sẽ không cồng kềnh nhờ những phần mềm chỉnh sửa video. Chiếc camera có kết nối Wifi, điều này có nghĩa là người sử dụng có thể điều khiển chiếc máy bằng ứng dụng cũng như giảm thiểu cường độ dùng pin bằng cách dùng smartphone hoặc máy tính bảng.', '0000-00-00 00:00:00', '2015-12-17 00:33:22'),
(12, 'Sony A7R Mark II', 4, 3, 59900000, 0, 100, 0, 0, 'SonyA7RMarkII_i1.JPG', 'SonyA7RMarkII_i2.JPG', 'SonyA7RMarkII_i3.JPG', 'thumbnail-SonyA7RMarkII_i1.JPG', 'thumbnail-SonyA7RMarkII_i2.JPG', 'thumbnail-SonyA7RMarkII_i3.JPG', 'Cảm biến CMOS Exmor 24.3MP Full Khung hình, Bộ xử lý hình ảnh BIONZ X, Khả năng tương thích trực tiếp với Ống kính E-mount, LCD 3.0 "tiltable TFT với 1,228 triệu điểm ảnh, Kính ngắm điện tử OLED 2.4m-Dot, Quay phim: XAVC S 50 Mbps, AVCHD 2.0 28 Mbps, 1.920 x 1.080 pixel, Chụp liên tiếp: 2,5 hình/giây đến 5 hình/giây, Tích hợp Wi-Fi và công nghệ NFC, Đa giao diện và Flash gắn trong, Giao diện truy cập trực tiếp.', 'Sony A7R Mark II GIÚP NGƯỜI SỬ DỤNG GHI NHẬN LẠI NHỮNG KHOẢNH KHẮC ĐÁNG NHỚ NHẤT TRONG CUỘC SỐNG MỘT CÁCH SINH \r\n', 'Máy ảnh Sony A7R Mark II là máy ảnh kỹ thuật số không gương lật từ Sony tích hợp một bộ cảm biến CMOS Exmor full-frame. E-mount cung cấp khả năng tập trung ánh sáng và chi tiết cho hình ảnh với bộ cảm biến full-frame nhỏ gọn, trọng lượng nhẹ và cấu tạo không gương lật linh hoạt, hoán đổi ống kính cho nhau. Cảm biến 24.3MP của dòng máy Sony A7R Mark II cho phép hình ảnh có độ phân giải cao và hiệu quả ánh sáng thấp với tiêu chuẩn phạm vi độ nhạy ISO 100-25.600. Bộ vi xử lý hình ảnh mới BIONX X cung cấp xử lý nhanh và tốc độ hoạt động như 5 fps burst shooting và front-end LSI (tích hợp quy mô lớn) cải thiện xử lý hình ảnh, kết quả chi tiết hơn, tự nhiên hơn và nhạc phong phú hơn.\r\n', '0000-00-00 00:00:00', '0000-00-00 00:00:00'),
(13, 'Nikon D300 body', 4, 10, 8500000, 0, 100, 0, 0, 'NikonD300body_i1.jpg', 'NikonD300body_i2.jpg', 'NikonD300body_i3.jpg', 'thumbnail-NikonD300body_i1.jpg', 'thumbnail-NikonD300body_i2.jpg', 'thumbnail-NikonD300body_i3.jpg', 'Cảm biến ảnh DX CCD 10.2 Megapixels, Bộ xử lý ảnh thế hệ mới EXPEED, Độ nhạy sáng cao nhất ISO 1600, Hệ thống lấy nét tự động chính xác 11 điểm, Hệ thống đo sáng Nikon 3D Matrix, Tốc độ chụp liên tục 3 hình/giây, Màn hình 3" độ phân giải 230,000 điểm ảnh.\r\n', 'Nikon D300 với hệ xử lý Expeed thế hệ mới cùng khả năng lấy nét nhanh 11 điểm và hệ thống ma trận màu 3D Tracking hứa hẹn đem lại nhiều tùy biến và cho chất lượng hình ảnh đỉnh cao.\r\n', 'Máy ảnh Nikon D300 là hậu duệ của máy ảnh nikon D40 ra mắt 2 năm trước với cải tiến ở cảm biến APS-C 10,2 Megapixel, màn hình LCD 3 inch cùng dải ISO rộng. Thân máy Nikon D300  đã được thiết kế lại, nhưng hình dáng và trọng lượng không khác mấy so với "tiền bối" D40 - kích cỡ 126 x 97 x 64 mm và nặng 485 gram so với D40 là 126 x 64 x 94 mm và 475g.Nikon D300  cũng giữ lại phần lớn những nút điều khiển và các tùy chỉnh đã có ở máy ảnh nikon D40. Nút thay đổi chế độ phía trên đỉnh máy được thiết kế mới với viền giăng kép giúp tác động nhanh và chính xác hơn.\r\nMột chú ý nhỏ, máy ảnh Nikon D300 được bán kèm với kit 18-55mm VR, nghĩa là ống kính này đã được tích hợp hệ thống chống rung Vibration Reduction độc quyền của Nikon, hứa hẹn chụp tốt hơn trong điều kiện thiếu sáng mà không muốn nâng ISO. Thân máy cầm khá chắc chắn và có chỗ để ngón tay thoải mái.\r\n', '0000-00-00 00:00:00', '0000-00-00 00:00:00'),
(14, 'Nikon D5500 +18-55mm VR II', 4, 10, 13800000, 0, 100, 0, 0, 'NikonD5500_i1.jpg', 'NikonD5500_i2.jpg', 'NikonD5500_i3.jpg', 'thumbnail-NikonD5500_i1.jpg', 'thumbnail-NikonD5500_i2.jpg', 'thumbnail-NikonD5500_i3.jpg', 'Cảm biến: CMOS APS-C 24 MP, kích thước ảnh 6.000 x 4.000, Chip xử lý: Nikon Expeed 4, ISO: Auto, từ 100 – 25.600, Tốc độ chụp: từ 1/4000 - 30 giây, Flash cóc tích hợp, tốc độ sync 1/200 giây, Chụp liên tục 5 tấm/giây, Hệ thống lấy nét: AF 39 điểm, theo pha hoặc tương phản, Màn hình: TFT LCD cảm ứng 3.2", độ phân giải 1.037.000 điểm, độ bao phủ ảnh 95%, Quay phim: 1080p@60fps, 720p@60fps, quay Timelapse, Micro stereo, loa ngoài mono, Thẻ nhớ: SD, Kết nối: USB 2.0, Wi-Fi, mini-HDMI, Pin: EN-EL14 / EN-EL14a Lithium-ion, Nặng: 420 gram, Kích thước: 124 x 97 x 70 mm.\r\n', 'Nikon D5500+18-55mm VR II giúp việc quay phim được thoải mái hơn khi phải thay đổi góc quay thường xuyên. Ngoài ra thì nó còn có thể lật ngang ra mặt trước, phục vụ cho việc chụp tự sướng.\r\n', 'Là phiên bản nâng cấp của dòng máy DSLR entry-level D5300 trước đây. Phiên bản D5500 cũng là chiếc máy DSLR đầu tiên của Nikon được trang bị màn hình cảm ứng. Ngoài ra thì nó chỉ được làm gọn hơn và nhẹ hơn so với phiên bản trước, chứ cấu hình thì vẫn được giữ nguyên.\r\nNikon D5500 có thiết kế gọn gàng và nặng 420g, cảm giác cầm trên tay rất nhẹ và thoải mái. Khi kết hợp với ống kit 18-55mm thì nó cũng không nặng hơn là bao nhiêu.Màn hình cảm ứng của Nikon D5500 có kích thước 3,2” và đạt 1.037.000 điểm ảnh, độ bao phủ ảnh 95%. Màn hình này có thể lật ra vô và xoay 360 độ, thuận tiện cho việc chụp ở các góc quá thấp và gúa cao. Nó cũng giúp việc quay phim được thoải mái hơn khi phải thay đổi góc quay thường xuyên. Ngoài ra thì nó còn có thể lật ngang ra mặt trước, phục vụ cho việc chụp tự sướng.Với việc không sử dụng Low-Pass Filter, ảnh của Nikon D5500 sẽ có chi tiết tốt hơn, nhưng sẽ có thể bị hiện tượng moiré trong một số điều kiện nhất định.', '0000-00-00 00:00:00', '0000-00-00 00:00:00'),
(15, 'Canon 5DS R Body', 4, 7, 67000000, 0, 100, 0, 0, 'Canon5DSRBody_i1.jpg', 'Canon5DSRBody_i2.jpg', 'Canon5DSRBody_i3.jpg', 'thumbnail-Canon5DSRBody_i1.jpg', 'thumbnail-Canon5DSRBody_i2.jpg', 'thumbnail-Canon5DSRBody_i3jpg', 'Bộ cảm biến 50.6MP Full-Frame CMOS, Màn hình LCD 3.2" Clear View độ phân giải cao, DIGIC 5 + xử lý hình ảnh, Bao gồm cổng Wi-Fi và kết nối GPS, 61 điểm AF cùng với Cross Loại điểm, Mở rộng ISO Phạm vi 6400, 5.0 fps, Chế độ HDR và nhiều chế độ phơi sáng\r\n', 'Cung cấp toàn bộ sức mạnh của việc giải quyết các cảm biến mới với máy ảnh Canon EOS 5DS R (chỉ có thân máy) từ Canon là một biến thể của 5DS với các cảm biến của bộ lọc thấp và trung tính. Bằng cách hủy bỏ hiệu ứng của bộ lọc, bộ cảm biến 50.6MP được kích hoạt để cung cấp một độ phân giải cao hơn với các chi tiết phức tạp hơn.', 'Kiểu dáng gần giống EOS 5D Mark III nhưng phiên bản mới của dòng 5D sử dụng cảm biến độ phân giải siêu cao cho phép chụp ảnh quảng cáo, in khổ siêu lớn. Canon 5DS R (bên trái) chỉ khác 5DS ở bộ lọc thông thấp không có mặt trên cảm biến. Điều này giúp máy chụp ảnh chi tiết hơn. Cả hai máy giống nhau từ ngoại hình đến các trang bị kỹ thuật khác. EOS 5DS và bản biến thể EOS 5DS R với cảm biến full-frame độ phân giải lên tới 50,6 megapixel. Canon cho biết họ không có đối thủ nếu xét về độ phân giải. EOS 5DS trang bị chip xử lý ảnh kép Digic 6 với 61 điểm lấy nét tự động AF trong đó có 41 điểm cross-type, cảm biến đo sáng RGB+IR 150.000 điểm với 252 vùng. Mặt trên với bánh xe chế độ với phím nguồn bên trái. Màn hình hiển thị thông số khá rộng ở bên phải. Máy có thể chụp liên tiếp ở tốc độ 5 khung hình mỗi giây, quay video độ phân giải chuẩn Full HD tốc độ 30 khung hình mỗi giây. Tuy nhiên, sản phẩm này không có cổng microphone và HDMI. 5DS và 5DS R sử dụng thẻ nhớ kép hỗ trợ chuẩn SD và CF.  Máy ảnh mới của Canon sử dụng màn hình cố định phía sau kích thước 3,2 inch, độ phân giải 1,04 triệu điểm ảnh. Máy có kích thước 152 x 116 x 76 mm, cân nặng 930 gram và chụp được khoảng 700 kiểu sau mỗi lần sạc đầy. Các kết nối mở rộng bên cạnh trái máy và được đậy bằng nắp cao su quen thuộc.Không giống như các dòng hai số, 5DS vẫn dùng màn hình cố định.\r\n', '0000-00-00 00:00:00', '0000-00-00 00:00:00'),
(16, 'Canon 6D + 24-105mm F4', 4, 7, 44000000, 0, 100, 0, 0, 'Canon6D_i1.jpg', 'Canon6D_i2.jpg', 'Canon6D_i3.jpg', 'thumbnail-Canon6D_i1.jpg', 'thumbnail-Canon6D_i2.jpg', 'thumbnail-Canon6D_i3.jpg', 'Kích thước cảm biến: Full frame (36 x 24 mm), Chế độ quay Video: 1080p, Megapixel (Số điểm ảnh hiệu dụng): 20.2 Megapixels, Tốc độ chụp (Shutter Speed): 30 - 1/4000 sec, Độ nhạy sáng (ISO) Auto: 100 - 25600 in 1/3 stops, plus 50, 51200, 102400 as option\r\n', '6D còn là máy ảnh chuyên nghiệp đầu tiên được tích hợp GPS cũng như kết nối WiFi, cho phép người dùng sử dụng các ứng dụng trên Android hay iOS để điều khiển máy.\r\n', 'Là máy ảnh DSLR đầu tiên của Canon tích hợp Wi-Fi và GPS, Canon 6D sẽ là một lựa chọn tầm trung hấp dẫn với các nhiếp ảnh gia. Độ phân giải 20.2MP của Canon 6D có thể không ấn tượng so với các máy DSLR định dạng APS-C, nhưng chắc chắn chất lượng hình ảnh sẽ tốt hơn đáng kể nhờ cảm biến full-frame. Nhìn từ phía trước, Canon 6D có thiết kế khá đơn giản, ở phần trên nơi có lăng kính kính ngắm hơi gồ ra cùng với logo Canon, trông như một cái trán dô. Không hề có flash tích hợp, điều không bình thường đối với một máy ảnh dành cho người dùng cao cấp, nhưng phù hợp với máy ảnh full-frame Canon. Cổng hồng ngoại được đặt ngay trên phần báng cầm tay, một đèn hẹn giờ (không phải đèn hỗ trợ lấy nét AF) nằm giữa phần báng cầm và ống kính. Nằm hơi chếch bên dưới phía trái của ngàm ống kính là nút xem trước độ sâu trường ảnh, khá nhỏ nên khó nhận thấy. Nút nhả ống kính khá lớn nằm ở vị trí thông thường, và 3 lỗ microphone nằm ngay bên dưới logo EOS 6D.', '0000-00-00 00:00:00', '0000-00-00 00:00:00'),
(17, 'Samsung NX 210', 4, 2, 7000000, 0, 100, 0, 0, 'SamsungNX210_i1.jpg', 'SamsungNX210_i2.jpg', 'SamsungNX210_i3.jpg', 'thumbnail-SamsungNX210_i1.jpg', 'thumbnail-SamsungNX210_i2.jpg', 'thumbnail-SamsungNX210_i3.jpg', 'Độ phân giải tối đa 5472 x 3648, Rangefinder-style mirrorless, Tự động, mở, tắt, chống mắt đỏ, chế độ Fill flash, chụp đồng bộ trước và sau, đèn thông minh, chụp chỉnh tay hoàn toàn (Auto, On, Off, Red-eye, Fill-in, 1st/2nd Curtain, Smart Flash, Manual), Active Matrix OLED\r\n', 'Samsung NX 210 Wifi và tốc độ chụp liên tục đạt 8 khung hình/giây (NX200 chỉ là 7 khung hình/giây). Máy không có flash cóc và ống ngắm điện tử.', 'Samsung vừa chính thức ra mắt ba mẫu máy ảnh thay ống kính không gương lật "thông minh", đó là NX20 nhắm đến khách hàng cao cấp, NX210 tầm trung và NX1000 là mẫu entry level. Cả ba máy đều có nhiều điểm tương đồng với chiếc NX200 đã được Samsung bán ra từ năm ngoái. Cảm biến của NX20, NX210 và NX1000 được tinh chỉnh về mạch điện so với NX200 nên có khả năng chụp liên tục tốt hơn. Cả ba máy ảnh mới đều được hãng trang bị cho kết nối Wifi để chia sẻ, sao chép ảnh với thiết bị khác. Người dùng smartphone Samsung có thể dùng điện thoại của mình để xem trực tiếp hình ảnh đang thu bởi ống kính của máy ảnh (Live View). NX20 sẽ bán ra đầu tháng năm với giá 1.100$. NX210 đến tay người dùng trễ hơn, vào giữa tháng năm với giá 900$. Mẫu NX1000 sẽ bắt đầu bán ra trong tháng 6 năm nay nhưng chưa có giá cụ thể.\r\nNX20 có kích thước lớn, ống ngắm EVF độ phân giải SVGA và màn hình AMOLED có thể lật xoay. Tốc độ chụp ảnh cao nhất có thể đạt được là 1/8000 giây nhờ vào màn hình chập điện tử. NX20 là máy duy nhất trong đợt giới thiệu này có đèn flash cóc. Trên thân máy cũng có nhiều nút điều khiển hơn hai mẫu còn lại. Ống kit đi kèm theo máy là ống 18-55mm.\r\n', '0000-00-00 00:00:00', '0000-00-00 00:00:00'),
(18, 'Samsung Galaxy Camera GC200', 4, 2, 10900000, 0, 100, 0, 0, 'SamsungGalaxyCameraGC200_i1.jpg', 'SamsungGalaxyCameraGC200_i2.jpg', 'SamsungGalaxyCameraGC200_i3.jpg', 'thumbnail-SamsungGalaxyCameraGC200_i1.jpg', 'thumbnail-SamsungGalaxyCameraGC200_i2.jpg', 'thumbnail-SamsungGalaxyCameraGC200_i3.jpg', 'Hệ điều hành Android, Khẩu độ: 2.8 (W) ~ 5.9 (T), Tốc độ: 16 ~ 1/2,000 sec, Màn hình: 4.8 " cảm ứng, Màu sắc: Xanh Đen, Bảo hành chính hãng 24 tháng', 'Mẫu máy ảnh thông minh thế hệ thứ 2 của Samsung vừa xuất hiện tại thị trường Việt Nam. Sản phẩm có thiết kế gọn nhẹ, đồng thời có cấu hình mạnh và nhiều tính năng hơn.', 'Galaxy Camera 2 có trọng lượng 283 g, nhẹ hơn khoảng 22 g so với thế hệ trước, đồng thời nó cũng có thiết kế mỏng hơn. Các cạnh của máy có thiết kế bo tròn với mặt trước làm bằng nhựa giả da, cạnh bên trên có thiết kế tạo cảm giác sáng bóng giống như kim loại. Sự khác biệt dễ nhận thấy từ bên ngoài là đèn flash được thiết kế dễ sử dụng hơn, bổ sung kết nối NFC và chưa có tuỳ chọn phiên bản hỗ trợ SIM 3G.\r\n\r\nsamsung Galaxy Camera 2 (Samsung EK-GC200) là mẫu máy ảnh Android thế hệ thứ 2 được hãng Samsung cho ra mắt vào đầu năm 2014. Mẫu máy ảnh này mang nhiều cải tiến so với sản phẩm tiền nhiệm là Samsung Galaxy Camera ra mắt trong năm 2013, về cả thiết kế lẫn tính năng. Đây là một trong những chiếc máy ảnh thuộc dòng ''Smart Camera'' của Samsung, đặc biệt nổi bật vớI Kết nối một chạm (NFC) không dây với các thiết bị tương thích như điện thoại Samsung. Kết nối NFC giúp việc chia sẻ dữ liệu giữa máy ảnh đến các thiết bị di động khác diễn ra thật nhanh chóng, từ đó việc cập nhật những hình ảnh hay video mới nhất lên các trang mạng xã hội rất "hot" hiện nay như Facebook, Twitter,.. trở nên dễ dàng và thú vị hơn bao giờ hết. Với Samsung Galaxy Camera 2, trải nghiệm công nghệ số hiện đại trong lĩnh vực chụp ảnh của bạn sẽ tăng lên đáng kể.', '0000-00-00 00:00:00', '0000-00-00 00:00:00'),
(19, 'Fujifilm X-T10', 4, 9, 23000000, 0, 100, 0, 0, 'FujifilmX-T10_i1.jpg', 'FujifilmX-T10_i2.jpg', 'FujifilmX-T10_i3.jpg', 'thumbnail-FujifilmX-T10_i1.jpg', 'thumbnail-FujifilmX-T10_i2.jpg', 'thumbnail-FujifilmX-T10_i3.jpg', 'Cảm biến CMOS X-Trans II 16MP, Bộ xử lý ảnh EXR II, ISO 100-25600, Hệ thống lấy nét 77 điểm mới tốc độ cao, Màn hình LCD 3" 920 ngàn điểm ảnh, OLED EVF 2,36 triệu điểm ảnh (hệ số phóng đại 0.66x), Quay phim Full-HD 60p, Pin NP-W126 (chụp được 350 tấm cho 1 lần sạc), Trọng lượng 380g.\r\n', 'FULJIFILM X-T10 sở hữu cảm biến ảnh APS-C CMOS X-Trans II và bộ xử lý ảnh EXR II nhưng giá bán của X-T1 chỉ bằng khoảng 60% so với model cao cấp hơn.', 'Fujifilm X-T10 là phiên bản rút gọn từ X-T1, tuy nhiên những giá trị cốt lõi đầy mạnh mẽ bên trong vẫn được giữ nguyên và gói gọn trong một thân hình tí hon. Cảm giác của mình khi cầm X-T10 trên tay là "Ồ, nó quá nhẹ". So với X-T1, chiếc máy này đã nhỏ đi 5% và nhẹ hơn 60gr (Từ 440gr chỉ còn 380gr). Thiết kế của máy cũng được làm lại thon gọn hơn, nhìn "hiền"hơn so với chiếc X-T1.\r\nVề mặt sức mạnh, Fujifilm X-T10 vẫn giữ nguyên cảm biến ảnh APS-C 16MP X-TRANS II và bộ xử lý ảnh EXR II như trên X-T1, hứa hẹn mang lại chất lượng ảnh tương đương. Một điểm cộng cho X-T10 là hệ thống lấy nét hoàn toàn mới với khả năng bám nét đối tượng rất tốt (X-T1 sẽ có bản cập nhật firmware vào tháng 6 để bổ sung phần này). Trải nghiệm nhanh cho thấy thiết bị có khả năng chụp thiếu sáng tối, ảnh bị nhiễu hạt rất ít ở mức ISO 6400, cảm ơn cảm biến X-Trans II. Tuy nhiên một điều cần lưu ý là chiếc máy ảnh này không chống bụi, chống nước như X-T1 mà chỉ có khả năng rung để tự làm sạch cảm biến. Nếu bạn định đem chiếc X-T10 đi chụp ảnh ở những môi trường dã chiến thì nên cẩn thận.\r\n', '0000-00-00 00:00:00', '0000-00-00 00:00:00'),
(20, 'Fujifilm X-T1', 4, 9, 32800000, 0, 100, 0, 0, 'FujifilmX-T1_i1.jpg', 'FujifilmX-T1_i2.jpg', 'FujifilmX-T1_i3.jpg', 'thumbnail-FujifilmX-T1_i1.jpg', 'thumbnail-FujifilmX-T1_i2.jpg', 'thumbnail-FujifilmX-T1_i3.jpg', 'Ngàm ống kính X-mount, Cảm biến ảnh: CMOS X-TRANS 16.3 MP, ISO: 100 – 25.600, Màn hình: LCD 3" độ phân giải 1.040.000 điểm ảnh, Kính ngắm : EVF OLEF ,36 triệu điểm ảnh, 4 chế độ hiển thị, Lấy nét: kết hợp Contrast AF và Phase Detection, Tốc độ màn trập: 1/4000 giây, chụp liên tiếp 8 fps, Không có flash tích hợp, Kết nối Wi-Fi, Pin: NP-W126 (giống X-E2), Kích thước: 12,9 x 9 x 4,7 cm, Trọng lượng: 440 g.\r\n', 'Fujifilm X-T1: chống nước, ống ngắm điện tử phóng đại lớn nhất & mirrorless lấy nét nhanh nhất.', 'Fujifilm đã quyết định ra mắt mẫu máy ảnh X-T1 dựa trên những tính năng vốn có của X-E2 nhưng thay đổi mạnh mẽ về thiết kế giúp nó có được khả năng hoạt động ở nhiều điều kiện thời tiết khác nhau (weather seal). Mẫu máy ảnh có thiết kế thân máy lớn, tay cầm máy rộng, hệ thống điều khiển cơ học giống máy phim, đặc biệt là EVF với eye cup rất lớn, giúp người dùng dễ dàng nắm bắt thông số với 4 chế độ hiển thị. Máy sở hữu cảm biến COMOS X-TR II 16.3 MP, với độ trễ khi lấy nét tự động chỉ 0,08 giây giúp máy thực thi cực nhanh việc lấy nét khi chụp. Đây cũng là máy ảnh mirrorless đầu tiên tương thích chuẩn thẻ nhớ mới SDXC/SDHC UHS-II cải thiện khả năng lưu ảnh, đặc biệt là khi chụp liên tiếp. Hiện tại bạn đã có thể.\r\n\r\nFujifilm X-T1 có vòng điều chỉnh ISO ở bên trái cùng với bánh xe chọn các tính năng chụp như đơn tấm, nhiều tấm, chụp hẹn giờ... Trong khi với tay phải, người dùng sẽ kiểm soát được phơi sáng EV +/-, tốc độ màn trập, đo sáng. Như vậy nó có thiết kế tiện hơn một chút so với Nikon Df bởi bánh xe EV được sử dụng nhiều hơn là ISO (Nikon Df đặt bánh xe EV và ISO ở bên trái). Thân máy được làm bằng hợp kim ma-giê chắc chắn, có thể chịu được nước mưa hoặc bụi bẩn khi chụp ảnh ở nhiều môi trường khác nhau.\r\n', '0000-00-00 00:00:00', '0000-00-00 00:00:00'),
(21, 'Dell N7548 i7-5500', 3, 11, 20990000, 0, 100, 0, 0, 'DellN7548i7-5500_i1.jpg', 'DellN7548i7-5500_i2.jpg', 'DellN7548i7-5500_i3.jpg', 'thumbnail-DellN7548i7-5500_i1.jpg', 'thumbnail-DellN7548i7-5500_i2.jpg', 'thumbnail-DellN7548i7-5500_i3.jpg', 'Intel Core i7 5500U, RAM : 8 GB, HDD : 1 TB, Đồ họa : AMD R7 265 hoặc AMD R7 270 4 GB, Bộ xử lý : Intel Core i5 4210Y, RAM : 4GB, SSD : 128 GB, Đồ họa : Intel HD Graphics\r\n', 'Dell N7548 là một thiết bị hoàn hảo trong cả công việc, giải trí cũng như thiết kế đồ họa.\r\n', 'Sự kết hợp hài hòa giữa tất cả các chi tiết, từ thiết kế sang trọng đến màn hình lớn 15.6 inch sắc nét bên cạnh cấu hình tuyệt đỉnh với bộ vi xử lý Broadwell Core i7 đi kèm RAM 8GB và đặc biệt là card đồ họa rời 4GB bên trong cùng nhiều tiện ích mới mẻ đã giúp Dell N7548 trở thành một thiết bị hoàn hảo trong cả công việc, giải trí cũng như thiết kế đồ họa. Dell N7548 mang trong mình thiết kế mạnh mẽ và nam tính đặc trưng của các sản phẩm đến từ Dell. Máy có lớp vỏ ngoài chắc chắn được sơn màu bạc sang trọng. Các chi tiết khác trên thân máy cũng đều được gia công tỉ mỉ và có độ hoàn thiện cao, đặc biệt là phần bản lề vững chắc giữ cho máy luôn cứng cáp và bền bỉ trong quá trình sử dụng. Nhờ được chế tác từ chất liệu cao cấp mà Dell N7548 trở nên nhẹ hơn rất nhiều với trọng lượng 2,2 kg cho một chiếc laptop màn hình 15.6 inch, giúp bạn có thể di chuyển dễ dàng hơn mỗi khi mang theo máy bên mình.\r\n', '0000-00-00 00:00:00', '0000-00-00 00:00:00'),
(22, 'Dell N3451', 3, 11, 6290000, 0, 100, 0, 0, 'DellN3451_i1.jpg', 'DellN3451_i2.jpg', 'DellN3451_i3.jpg', 'thumbnail-DellN3451_i1.jpg', 'thumbnail-DellN3451_i2.jpg', 'thumbnail-DellN3451_i3.jpg', 'Intel Celeron N2840 2.16 GHz (1MB cache, up to 2.58 GHz), Ram : 2 GB (DDR3L Bus 1333 MHz), Intel HD Graphic, 500 GB HD, 14 inch (HD LED, 1366 x 768 pixels), Windows 8.1 Bings, LAN, Wi-Fi, USB 2.0, USB 3.0, HDMI, Card Reader, Pin 4 Cell.\r\n', 'Bạn sẽ có thể dễ dàng làm chủ được chiếc laptop của mình và tận dụng được nguồn tài nguyên mà hệ điều hành này đem lại.', 'Hãng Dell quả thật là quá nổi tiếng trong lĩnh vực laptop rồi, các dòng máy tính xách tay của hãng thường có thế mạnh về phần cứng và độ bền bỉ theo năm tháng.Máy tính xách tay Dell Inspiron 14 3451 được sản xuất để nhắm vào các đối tượng là học sinh, sinh viên có thu nhập thấp và cần một chiếc laptop để có thể phục vụ cho việc học của mình.Dell N3451 có cấu hình thuộc mức trung bình, đủ khả năng để bạn lướt web, xem phim, nghe nhạc hay thực hiện những tính năng văn phòng. Nhìn chung, đây là một chiếc máy tính rất đáng mua trong phân khúc laptop giá rẻ.\r\n', '0000-00-00 00:00:00', '0000-00-00 00:00:00'),
(23, 'Acer E5 573G i5 5200U', 3, 12, 13290000, 0, 100, 0, 0, 'AcerE5573Gi55200U_i1.jpg', 'AcerE5573Gi55200U_i2.jpg', 'AcerE5573Gi55200U_i3.jpg', 'thumbnail-AcerE5573Gi55200U_i1.jpg', 'thumbnail-AcerE5573Gi55200U_i2.jpg', 'thumbnail-AcerE5573Gi55200U_i3.jpg', 'Intel 5th Generation Core i5-5200U - 2.20 GHz Up to 2.7GHz Max Turbo (3MB Cache), DDR3L SDRAM 4GB, SATA HDD 500GB, SuperMulti DVD, Nividia Geforce GT920M – 2GB, 15.6" WXGA 1366 x 768 resolution Acer CineCrystal LED-backlit TFT LCD, High Definition Audio, WIFI IEEE 802.11 b/g/n ,BÀN PHÍM Standard full size, Multi-touch Touchpad, 4 cell Lithium Ion\r\n', 'Acer hứa hẹn đáp ứng tốt nhu cầu di chuyển và sử dụng ngoài trời. Acer E5-573G-53A4 hoạt động vô cùng êm ái đem đến sự dễ chịu khi bạn sử dụng trong thời gian dài.', 'Laptop Acer E5-573G-53A4 có cấu hình khá mạnh mẽ core i5 - 5200U, tốc độ 2.2GHz và Turbo Boost lên đến 2.7GHz, RAM 4GB, card màn hình GT920M thế hệ mới.Acer E5-573G-53A4 được thiết kế tố ưu hóa cho người dùng là học sinh, sinh viên và văn phòng. Dòng laptop này chắc chắn sẽ là một người bạn đồng hành hoàn hảo cho bạn trong công việc cũng như học tập.Acer E5-573G-53A4 sở hữu màn hình 15.6 inch mà được trang bị công nghệ màn hình CineCrystal tối ưu hóa. Kiểu dáng của Acer E5-573G-53A4 đem lại sự đột phá về mặt thiết kế nguyên khối, Acer màu xám phong cách, tạo nên cảm giác chắc chắn khi sử dụng Acer E5-573G-53A4, ngoài ra, đường nét góc cạnh trong thiết kế của máy gợi lên sự đơn giản và cực kỳ nam tính.', '2015-11-10 17:00:00', '2015-12-16 23:29:08'),
(24, 'Acer ASPIRE E1-572G', 3, 12, 10790000, 0, 100, 0, 0, 'ACERASPIREE1-572G_i1.png', 'ACERASPIREE1-572G_i2.png', 'ACERASPIREE1-572G_i3.png', 'thumbnail-ACERASPIREE1-572G_i1.png', 'thumbnail-ACERASPIREE1-572G_i2.png', 'thumbnail-ACERASPIREE1-572G_i3.png', 'Intel Core-i5 - 4200U - 1.60 GHz Up to 2.6GHz with Turbo Boost (3MB L3 Cache),\r\nSDRAM DDR3 4GB - Maximum Memory 8GB, Serial ATA (SATA) 1TB - 5400 rpm, AMD Radeon HD 8750M - 2 GB DDR3, LED HD 15.6 inch - Active Matrix TFT Color LCD - Resolution 1366 x 768 pixels, Realtek HD Audio - High Definition Audio, Touchpad hỗ trợ đa điểm, pin 4 cell Lithium Ion\r\n', 'Máy tính xách tay Acer Aspire E1-572G đem lại khả năng xử lý cao mà còn hạn chế nóng máy và tiết kiệm điện năng tiêu thụ.\r\n', 'Nhu cầu sử dụng laptop đang ngày càng tăng cao, vì vậy những hãng sản xuất luôn phải thường xuyên tung ra những sản phẩm mới với nhiều thông số kỹ thuật khác nhau và giá cả hợp lý để cho người tiêu dùng có thể linh hoạt lựa chọn.Máy tính xách tay Acer Aspire E1-572G à một chiếc laptop có cấu hình rất tốt đi chung với đó là mức chi phí bạn phải trả lại rất dễ chịu. Sở hữu chip Intel Core i5, RAM 4 GB, HDD 1 TB và card đồ họa AMD Radeon HD 8750M,laptop acer Aspire E1-572G cho khả năng xử lý cao. Bên cạnh đó, máy tính laptop Acer Aspire E1-572Gmang một thiết kế đơn giản, phong cách cổ điển để dễ dàng thích nghi với tính cách của nhiều người.\r\n', '2015-11-10 17:00:00', '2015-12-16 23:29:10'),
(25, 'Asus K551L I3', 3, 13, 12490000, 0, 100, 0, 1, 'ASUSK551LI3_i1.jpg', 'ASUSK551LI3_i2.jpg', 'ASUSK551LI3_i3.jpg', 'thumbnail-ASUSK551LI3_i1.jpg', 'thumbnail-ASUSK551LI3_i2.jpg', 'thumbnail-ASUSK551LI3_i3.jpg', 'Intel Core i3 4th Gen 4010U - 1.70 GHz (3MB Cache), OnBoard Memory 4 GB, 1 x SO-DIMM socket for expansion up to 8 GB SDRAM, Serial ATA (SATA) 500GB - 5400 rpm, SuperMulti DVD, Integrated Intel HD Graphics 4400, 15.6" HD (1366x768) Glare panel, ASUS SonicMaster Lite Technology, Webcam HD 720p CMOS module, SD card reader ( SD/ SDHC), pin 3Cells 4500 mAh 50 Whrs Polymer Battery.\r\n', 'Cấu hình mạnh mẽ, thiết kế mỏng, hiện đại làm nổi bật lên phong cách làm việc đầy chuyên nghiệp của bạn.', 'Sản phẩm laptop của hãng Asus hiện nay đang được rất nhiều người tiêu dùng quan tâm và tin tưởng.Máy tính xách tay Asus K551LA i3 sở hữu bộ vi xử lý Haswell cho khả năng xử lý ở mức khá và tiết kiệm điện năng tiêu thụ.Máy tính laptop Asus K551LA trang bị màn hình rộng có kích thước 15.6 inches công nghệ hiện đại, hiển thị hình ảnh rõ ràng ngay cả khi trong điều kiện ánh sáng mạnh.Máy tính xách tay Asus K551LA i3 chạy trên nền tảng Windows 8 với rất nhiều tiện ích thú vị đang chờ bạn khám phá.\r\nLaptop Asus K551LA i3 có thiết kế mỏng và dẹp, một phần đem lại sự gọn gàng, dễ mang theo bên mình, một phần làm toát lên sự hiện đại, sang trọng. Bên trong là sự kết hợp giữa màu bạc và màu đen đầy tinh tế làm tăng thêm vẻ lịch lãm cho thiết bị. Lớp vỏ ngoài màu xám hạn chế bám bẩn và tạo cảm giác thân thiện với người dùng.', '2015-11-12 17:00:00', '2015-12-16 22:06:25'),
(26, 'Asus Transformer Book Flip TP550LA', 3, 13, 10590000, 0, 100, 0, 0, 'ASUSTRANSFORMERBOOKFLIPTP550LA_i1.jpg', 'ASUSTRANSFORMERBOOKFLIPTP550LA_i2.jpg', 'ASUSTRANSFORMERBOOKFLIPTP550LA_i3.jpg', 'thumbnail-ASUSTRANSFORMERBOOKFLIPTP550LA_i1.jpg', 'thumbnail-ASUSTRANSFORMERBOOKFLIPTP550LA_i2.jpg', 'thumbnail-ASUSTRANSFORMERBOOKFLIPTP550LA_i3.jpg', 'Intel Core i3-4030U Processor - 1.90 GHz (3MB Cache) / 2 Cores - 4 Threads, OnBoard Memory 4 GB , 1 x DIMM socket for expansion up to 8 GB SDRAM, Serial ATA (SATA) 500GB - 5400 rpm, Integrated Intel HD Graphics, 15.6" Full HD (1366 x 768) Splend Video Intelligent, LED Backlight / TouchScreen, SonicMaster, Webcam VGA Web Camere, Pin 2-cells 38 Whrs Polymer Battery.\r\n', 'Máy tính xách tay Asus TP550LA thượng sẵn sàng phục vụ bạn làm việc hiệu quả và giải trí truyệt vời.', 'Máy tính xách tay Asus TP550LA có thiết kế độc đáo, màn hình xoay 360 độ cùng nhiều chế độ làm việc thuận tiện. Bạn có thể sử dụng máy tính xách tay Asus TP550LA như một máy tính bảng hay như laptop thực thụ. Màn hình hiển thị đẹp, có chức năng cảm ứng, cấu hình máy mạnh, thiết kế đẹp, gọn nhẹ. Chiếc máy tính xách tay Asus TP550LA là lựa chọn máy tính lai tablet khá hoàn hảo. Và với góc xoay 360 độ nhờ chiếc bản lề linh hoạt, đem đến nhiều chế độ làm việc thuận tiện. Người dùng có thể sử dụng máy tính xách tay Asus TP550LA như một máy tính bảng để chơi game, xem phim hoặc như một chiếc laptop để soạn thảo văn bản hay làm các công việc văn phòng khác.\r\nCông nghệ màn hình Splendid Video Intelligent mang đến trải nghiệm hình ảnh tốt nhất. Bạn có nhiều tùy chọn để điều hỉnh màu sắc theo ý thích. Nhờ vậy, khi bạn xem phim, chơi game cũng hấp dẫn và lôi cuốn hơn. Màn hình cảm ứng của máy tính xách tay Asus TP550LA nhạy và chính xác hơn những màn hình cảm ứng được sử dụng trên các laptop thông thường. Nhờ vậy, người dùng có thể thao tác dễ dàng hơn, trải nghiệm thú vị hơn. Đồng thời, công nghệ hình ảnh độc quyền của Asus tinh chỉnh cho màn hình có hình ảnh và màu sắc gần với thực tế nhất, để trước mắt bạn luôn là những điều sống động, từ trò chơi đến những bộ phim Full HD sắc nét\r\n', '0000-00-00 00:00:00', '0000-00-00 00:00:00'),
(27, 'HP 14-AC025TU\r\n', 3, 14, 12090000, 0, 5, 0, 0, 'HP14-AC025TU_i1.jpg', 'HP14-AC025TU_i2.jpg', 'HP14-AC025TU_i3.jpg', 'thumbnail-HP14-AC025TU_i1.jpg', 'thumbnail-HP14-AC025TU_i2.jpg', 'thumbnail-HP14-AC025TU_i3.jpg', 'Intel Intel 5th Generation Core-i5 - 5200U - 2.20 Up to 2.7GHz with Turbo Boost (3MB Cache), 4 GB DDR3L-1600 SDRAM (1 x 4 GB), Serial ATA (SATA) 500GB - 5400 rpm, SuperMulti DVD, Intel HD Graphics 5500, 14" diagonal HD BrightView WLED-backlit (1366 x 768), DTS Studio Sound with 2 speakers, Webcam HP TrueVision HD Webcam, pin 4-cell.', 'Máy tính xách tay HP AC025TU tổng thể một chiếc laptop có vẻ đẹp đầy cuốn hút, giúp bạn tự tin khi sử dụng ở những nơi đông người.\r\n', 'Máy tính xách tay HP AC025TU có cấu hình mạnh mẽ với chip Intel Core i5 thế hệ mới, đem lại hiệu quả xử lý tốt và hạn chế nóng máy. Laptop HP AC025TU trang bị RAM dung lượng 4 GB để bạn có thể chạy đa nhiệm nhiều chương trình mà vẫn giữ được tốc độ cao.Laptop HP AC025TU cũng được đánh giá cao về ngoại hình với thiết kế mỏng và gam màu bạc tinh tế, thêm vào đó là trọng lượng nhẹ và kích thước nhỏ gọn giúp bạn tự tin mang theo bên mình.\r\nMáy tính xách tay HP AC025TU sở hữu chip Intel Core i5 Broadwell thế hệ mới có tốc độ lên đến 2.70 GHz. Với chip Core i5 5200U, máy tính xách tay HP AC025TU xử lý tốt mọi tác vụ, hơn nữa còn tiết kiệm điện năng tiêu thụ và hạn chế tình trạng nóng máy, góp phần nâng cao độ bền cho sản phẩm. Máy tính xách tay HP AC025TU trang bị RAM với dung lượng 4 GB, giúp bạn có thể chạy nhiều chương trình mà vẫn đảm bảo được tốc độ ổn định, mượt mà, đảm bảo hiệu quả công việc. Máy tính xách tay HP AC025TU có ổ đĩa cứng dung lượng 500 GB có tốc độ truy xuất cao, giúp bạn thoải mái lưu trữ dữ liệu.', '0000-00-00 00:00:00', '0000-00-00 00:00:00'),
(28, 'HP 15 ac174TX i5 5200U', 3, 14, 14290000, 12000999, 100, 0, 0, 'HP15ac174TXi55200U_i1.jpg', 'HP15ac174TXi55200U_i2.jpg', 'HP15ac174TXi55200U_i3.jpg', 'thumbnail-HP15ac174TXi55200U_i1.jpg', 'thumbnail-HP15ac174TXi55200U_i2.jpg', 'thumbnail-HP15ac174TXi55200U_i3.jpg', 'Intel Core i5 Broadwell, 5200U, 2.20 GHz, DDR3L (2 khe RAM) 4 GB 1600 MHz, HDD 500 GB, 15.6 inch, HD (1366 x 768 pixels), AMD Radeon R5 M330, 2 GB, DVD Super Multi Double Layer, webcam 0.9 MP(16:9), Pin Li-Ion 4 cell\r\n', 'Máy được hoàn thiện tỉ mỉ, cấu hình không cao nhưng nhu cầu giải trí vừa phải thì máy dư sức có thể đáp ứng được.', 'Sau bao nhiêu thế hệ, HP Envy 15 vẫn giữ được sức hấp dẫn vốn có của dòng HP Envy với đường nét tinh tế và chăm chút trong từng chi tiết, các góc cạnh bo tròn, kiểu dáng mỏng dần về phía trước luôn mang lại cảm giác nhẹ nhàng nhưng tinh tế. Mang trong mình linh hồn của dòng Envy, HP Envy 15 được thiết kế hướng đến nhu cầu giải trí và chất lượng hoàn hảo cao. Khung máy được làm từ hợp kim với lớp vỏ nhôm tạo nên cảm giác chắn. Đúng với chất Envy, tuy vỏ nhôm nhưng không hề bám vân tay nhiều như các máy khác. Ngoài ra, máy còn được trang bị các công nghệ bảo mật tiên tiến của Envy, luôn giúp người dùng bảo vệ dữ liệu một cách an toàn nhất. Với công nghệ chống sock ổ cứng ProjectSmart, bạn sẽ không phải lo lắng về vấn đề thất thoát dữ liệu khi xảy ra va đập và cũng giống như các dòng máy truyền thống khác, Envy 15 cũng được trang bị công nghệ bảo mật vân tay FingerPrint kết hợp cũng tiện ích Simplepass với khả năng truy cập nhanh, tự ghi nhớ mật khẩu với một cái vuốt tay.Ngoài ra, HP còn ưu ái cho đứa con mình mới gói bảo hành VIP. Khi mang máy đến trung tâm bảo hành, với các lỗi HDD, ODD, bàn phím, pin, ram...HP sẽ tiến hành thay thể linh kiện trong vòng 30 phút. Nếu lố 1 giây nào bạn sẽ được tặng 1 vé xem phim miễn phí.', '0000-00-00 00:00:00', '0000-00-00 00:00:00'),
(29, 'APPLE MBAIR', 3, 1, 21900000, 20000000, 100, 0, 0, 'APPLEMBAIR_img1.jpg', 'APPLEMBAIR_img2.jpg', 'APPLEMBAIR_img3.jpg', 'thumbnail-APPLEMBAIR_img1.jpg', 'thumbnail-APPLEMBAIR_img2.jpg', 'thumbnail-APPLEMBAIR_img3.jpg', '1.6GHz dual-core Intel Core i5 (Turbo Boost up to 2.7GHz) with 3MB shared L3 cache, 4GB of 1600MHz LPDDR3 onboard memory (Configurable to 8GB), 128GB PCIe-based flash storage,Intel HD Graphics 6000, 11.6-inch (diagonal) LED-backlit glossy widescreen display with support for millions of colors, Hệ điều hành Mac OS\r\n', 'Một laptop siêu di động cao cấp nay đã trở thành một món hời. Với mức giá hợp lý, 999 USD, MacBook Air tự hào có thời lượng pin tốt nhất, hiệu suất nhanh nhất, bàn phím và touchpad tuyệt vời nhất trong số các laptop cùng loại.', 'MacBook Air 13 inch 2014 trông tương tự như một vài mẫu MacBook Air gần đây, với khung nhôm nguyên khối lịch lãm, mảnh dẻ cùng các góc được bo tròn. Trông nó rất nam tính. Bàn phím của Air 13 inch có thể sử dụng trong nhiều năm mà không bị sứt mẻ hoặc bào mòn. Logo Apple phát sáng mượt mà trên nắp máy, nắp máy cũng không bám dấu vân tay. Màu bạc trên Air vẫn thu hút người dùng nhưng Apple nên tăng cường thẩm mỹ cho bề ngoài của Air với các tùy chọn màu sắc hoặc các vật liệu khác. Ví dụ, Dell XPS 13 có một tấm đế mềm giúp cổ tay người dùng cảm thấy thoải mái khi đánh máy.\r\nAir 13 inch 2014 tiếp tục giữ các cổng kết nối ở mức tối thiểu, nhưng ít nhất nó có một khe cắm thẻ SD ở cạnh phải. Cạnh phải của máy có cổng USB 3.0 và cổng Thunderbolt. Cổng sạc MagSafe 2, một cổng USB 3.0 thứ hai, jack cắm tai nghe và hai micro được đặt bên cạnh trái của Air.', '0000-00-00 00:00:00', '0000-00-00 00:00:00'),
(30, 'APPLEMB 12.0 SILVER', 3, 1, 39490000, 39299999, 100, 0, 0, 'APPLEMB12.0SILVER_i1.jpg', 'APPLEMB12.0SILVER_i2.jpg', 'APPLEMB12.0SILVER_i3.jpg', 'thumbnail-APPLEMB12.0SILVER_i1.jpg', 'thumbnail-APPLEMB12.0SILVER_i2.jpg', 'thumbnail-APPLEMB12.0SILVER_i3.jpg', '1.2GHz dual-core Intel Core M processor (Turbo Boost up to 2.6GHz) with 4MB shared L3 cache, 8GB of 1600MHz LPDDR3 onboard memory, 512GB PCIe-based onboard flash storage, Intel HD Graphics 5300, Retina display: 12-inch (diagonal) LED-backlit display with IPS technology, Webcam 480p FaceTime camera, Hệ điều hành OS X Yosemite, pin 29W USB-C Power Adapter.\r\n', 'The new Macbook 12″ Retina Silver MF865 là một sản phẩm hướng tới tương lai.', 'The new Macbook 12″ Retina Silver MF865 là một sản phẩm đáng kinh ngạc của Apple sau Macbook Air ở nhiều góc độ. Hãy tưởng tượng bạn đang có một chiếc iPad Air và gắn thêm vào đó bàn phím và trackpad là bạn đã có Macbook. Mỏng hơn, nhẹ và đơn giản, The new Macbook 12″ Retina Silver MF865 mang trên mình vẻ đẹp mà chỉ Apple có thể làm được, nó được đánh giá cao hơn tất cả các Macbook do Apple từng sở hữu.iPad đời đầu dày 13.4 mm thậm chí còn dày hơn cả The new Macbook 12″ Retina Silver MF865 chỉ với độ mỏng 13mm. Chỉ nặng 900 Gram, The new Macbook 12″ Retina Silver MF865 vẫn nhẹ hơn Macbook Air 11″ (1.08 Kg). The new Macbook 12″ Retina Silver MF865 gần như có kích thước hoàn hảo của một chiếc laptop siêu di động, vừa vặn với bàn phím đầy đủ. Apple cũng sử dụng bản lề kim loại mới, tăng kích thước trackpad và di chuyển cụm loa lên phía trên của bàn phím.Apple cũng thiế kế lại hoàn toàn phần bo mạch chủ, nó chỉ chiếm diện tích rất nhỏ trên máy và không sử dụng quạt làm mát. Do yếu tố đó The new Macbook 12″ Retina Silver MF865 sử dụng CPU Intel core M có khả năng Turbo Boost lên 2.4 Ghz hoặc 2.9 Ghz với Ram 8GB bus 1600.\r\n', '0000-00-00 00:00:00', '0000-00-00 00:00:00'),
(31, 'Acer Aspire XC-603 ', 2, 12, 5790000, 0, 100, 0, 0, 'ACER-XC-603-01.jpg', 'ACER-XC-603-02.jpg', 'ACER-XC-603-03.jpg', 'thumbnail-ACER-XC-603-01.jpg', 'thumbnail-ACER-XC-603-02.jpg', 'thumbnail-ACER-XC-603-03.jpg', 'Dòng sản phẩm	DT.SUMSV.002	   \r\nMàu	Đen	   \r\nBộ vi xử lý	Intel Celeron J2900 - 2.41 GHz (2MB Cache) / 4 Cores 4 Threads	   \r\nBộ nhớ	SDRAM DDR3 2GB	   \r\nỔ đĩa cứng	Serial ATA (SATA) 500GB - 7200 rpm	   \r\nỔ đĩa quang	SuperMulti DVD+/-RW 	   \r\nCrad đồ họa	Intel Graphics Media Accelerator HD Integrated graphics	   \r\nMàn hình	No	   \r\nÂm thanh	Intel High Definition Audio	   \r\nChuẩn WiFi	No	   \r\nNetwork (RJ-45)	Ethernet 10 /100 Mbps	   \r\nCổng giao tiếp	USB	   \r\n 	VGA	   \r\n 	LAN (RJ-45)	   \r\n 	Headphones	   \r\n 	Microphone	   \r\nBluetooth 	No	   \r\nCard Reader	N/A	   \r\nHệ điều hành	Free DOS	   \r\nKích thước	370 x 267 x 100 mm	   \r\nKhối lượng	N/A	 \r\n', 'Acer Aspire XC-603 mang trên mình khả năng xử lý rất tốt, với chip Intel Celeron J2900 tốc độ 2.41 GHz hoạt động với 4 nhân và RAM 2 GB, máy cho khả năng chạy đa nhiệm mượt mà, việc soạn thảo văn bản với các ứng dụng văn phòng cũng được thự hiện một cách nhanh chóng.\r\n', 'Ngày nay việc sở hữu một chiếc máy tính không còn quá xa lạ đối với mỗi gia đình, máy tính để bàn Acer Aspire XC-603 thuộc phân khúc PC giá rẻ, phù hợp với nhiều điều kiện hoàn cảnh gia đình khác nhau. Acer XC-603 trang bị chip Intel Celeron J2900 hoạt động với 4 nhân cho tốc độ xử lý mạnh mẽ, cùng sự hỗ trợ của RAM 2 GB nâng cao khả năng chạy đa nhiệm. Acer Aspire XC603 còn mang thiết kế hiện đại, nhỏ gọn giúp bạn có thể dễ dàng bố trí trong không gian có diện tích nhỏ.\r\nThường thì mọi người sẽ dùng một chiếc máy tính bàn để phục vụ cho công việc và học tập, Acer Aspire XC603 có thể chạy tốt bộ phần mềm Microsoft Office hay Photoshop và một số ứng dụng cần thiết khác. Máy cũng giúp bạn giải trí với khả năng lướt web tốt hay choi các game như Liên minh huyền thoại....', '0000-00-00 00:00:00', '0000-00-00 00:00:00'),
(32, 'ACER AS XC-605', 2, 12, 6690000, 0, 100, 0, 0, 'may-tinh-de-ban-acer-aspire-xc-703-01.jpg', 'may-tinh-de-ban-acer-aspire-xc-703-02.jpg', 'may-tinh-de-ban-acer-aspire-xc-703-03.jpg', 'thumbnail-may-tinh-de-ban-acer-aspire-xc-703-01.jpg', 'thumbnail-may-tinh-de-ban-acer-aspire-xc-703-02.jpg', 'thumbnail-may-tinh-de-ban-acer-aspire-xc-703-03.jpg', ' \r\nDòng sản phẩm	DT.SRPSV.016	   \r\nMàu	Đen	   \r\nBộ vi xử lý	Intel Pentium G3240 Processor - 3.10 GHz (3MB Cache) / 2 Cores 2 Threads	   \r\nBộ nhớ	SDRAM DDR3 2GB	   \r\nỔ đĩa cứng	Serial ATA (SATA) 1TB - 7200 rpm	   \r\nỔ đĩa quang	SuperMulti DVD+/-RW 	   \r\nCrad đồ họa	Intel Graphics Media Accelerator HD Integrated graphics	   \r\nMàn hình	No	   \r\nÂm thanh	Realtek High Definition Audio (High-definition audio with 5.1-channel surround sound support)	   \r\nChuẩn WiFi	No	   \r\nNetwork (RJ-45)	Ethernet 10 /100 Mbps	   \r\nCổng giao tiếp	USB	   \r\n 	VGA	   \r\n 	LAN (RJ-45)	   \r\n 	Headphones	   \r\n 	Microphone	   \r\nBluetooth 	No	   \r\nCard Reader	N/A	   \r\nHệ điều hành	Free DOS	   \r\nKích thước	367 x 269 x 100 mm	   \r\n		   \r\nKhối lượng	4.8 kg	 \r\n', 'Nếu so với mức giá thì Acer Aspire XC-605 mang trên mình khả năng xử lý rất tốt, với chip Intel Pentium G3240 tốc độ 3.10 GHz hoạt động với 2 nhân và RAM 2 GB, máy cho khả năng chạy đa nhiệm mượt mà, việc soạn thảo văn bản với các ứng dụng văn phòng cũng được thự hiện một cách nhanh chóng.\r\n', 'Acer Aspire XC-605 phù hợp với những bạn học sinh, sinh viên hay có thể trở thành một chiếc máy tính gia đình khi sở hữu một mức giá rất là dễ chịu cùng một cấu hình xử lý khá tốt.  Acer Aspire XC-605 trang bị chip Intel Pentium cho tốc độ cao và hỗ trợ RAM 2 GB (có thể dễ dàng nâng cấp tùy theo nhu cầu của mình).  Acer Aspire XC-605 có bộ nhớ ổ đĩa cứng lớn với dung lượng lên đến 1 TB, giúp bạn dễ dàng lưu trữ lượng dữ liệu khổng lồ mà không phải lo về tình trạng hết bộ nhớ trống.\r\nDung lượng ổ đĩa cứng cũng là một trong những tiêu chí quan trọng khi lựa chọn một chiếc Desktop PC,  Acer Aspire XC-605 có ổ HDD với dung lượng lên đến 1 TB, giúp cho hoạt động lưu trữ dữ liệu hay cài đặt phần mềm, trò chơi trở nên thoải mái hơn.\r\n', '0000-00-00 00:00:00', '0000-00-00 00:00:00');
INSERT INTO `products` (`id`, `product_name`, `type_id`, `brand_id`, `price`, `sale_price`, `quantity`, `is_feature`, `is_disabled`, `image1`, `image2`, `image3`, `thumbnail1`, `thumbnail2`, `thumbnail3`, `product_info`, `short_description`, `description`, `created_at`, `updated_at`) VALUES
(33, 'DELL VOSTRO 3800ST', 2, 11, 11590000, 0, 2, 1, 0, 'DELL-INSPIRON-3647ST-01_i1.jpg', 'DELL-INSPIRON-3647ST-01_i2.jpg', 'DELL-INSPIRON-3647ST-01_i3.jpg', 'thumbnail-DELL-INSPIRON-3647ST-01_i1.jpg', 'thumbnail-DELL-INSPIRON-3647ST-01_i2.jpg', 'thumbnail-DELL-INSPIRON-3647ST-01_i3.jpg', ' \r\nDòng sản phẩm	3800ST	   \r\nMàu	Đen	   \r\nBộ vi xử lý	Intel Core i5-4460 - 3.20 GHz (6MB Cache) / 4 Cores 4 Threads	   \r\nBộ nhớ	4GB (1X4GB) Single Channel DDR3 1600MHz SDRAM Memory	   \r\nỔ đĩa cứng	Serial ATA (SATA) 500GB	   \r\nỔ đĩa quang	16X DVD-ROM	   \r\nCard đồ họa	Integrated Graphics included	   \r\nMàn hình	No	   \r\nÂm thanh	High Definition Audio / supporting 5.1 surround sound	   \r\nChuẩn WiFi	No	   \r\nNetwork (RJ-45)	Integrated Giga bit 10/100/1000 Ethernet	   \r\nCổng giao tiếp	USB Port	   \r\n 	VGA Port	   \r\n 	LAN (RJ-45)	   \r\n 	Headphones	   \r\n 	Microphone	   \r\nBluetooth 	No	   \r\nCard Reader	N/A	   \r\nHệ điều hành	Free DOS	   \r\nKích thước	433.1 x 360 x 102 mm	   \r\nKhối lượng	7.2 kg	 \r\n', 'Dell Inc là một công ty đa quốc gia, Michael Dell đã chen được chân vào một ngành công nghiệp "không khoan nhượng" nhất thế giới bằng cách phá bỏ đi những thông lệ kinh doanh máy tính lúc bấy giờ.\r\n', 'Dell Vostro 3800ST được thiết kế nhỏ gọn với cấu hình mạnh, xử lý đồ họa và các tác vụ phức tạp tốt với ổ cứng lưu trữ 500BG thoải mái lưu trữ dữ liệu lớn nhưng vẫn đảm bảo tiết kiệm điện. Dell Vostro 3800ST có bộ vi xử lý core i5-4460 cho hiệu suất 3.2GHz xử lý các tác vụ tốt hơn, dễ dàng cài đặt phần mềm ứng dụng hỗ trợ công việc lẫn giải trí cá nhân trên Dell Vostro 3800ST. Máy tính để bàn Dell Vostro 3800ST trang bị Card Ðồ họa Onboard giúp xử lý đồ họa và các tác vụ với ổ cứng lưu trữ 500GB. Máy tính để bàn Dell Vostro 3800ST có đầy đủ kết nối của một chiếc máy tính cần có. Và máy tính để bàn Dell Vostro 3800ST với cổng USB 2.0 để thoải mái kết nối thiết bị ngoài vi như chuột, bàn phím hay ổ cứng di động vô cùng thuận tiện.', '0000-00-00 00:00:00', '0000-00-00 00:00:00'),
(34, 'DELL INS3647ST ', 2, 11, 10190000, 0, 100, 0, 0, 'may-tinh-de-ban-dell-optiPlex-3020-01.jpg', 'may-tinh-de-ban-dell-optiPlex-3020-02.jpg', 'may-tinh-de-ban-dell-optiPlex-3020-03.jpg', 'thumbnail-may-tinh-de-ban-dell-optiPlex-3020-01.jpg', 'thumbnail-may-tinh-de-ban-dell-optiPlex-3020-02.jpg', 'thumbnail-may-tinh-de-ban-dell-optiPlex-3020-03.jpg', ' \r\nDòng sản phẩm	INS3647ST - I93ND12	   \r\nMàu	Đen	   \r\nBộ vi xử lý	4th Generation Intel Core i3-4160 - 3.60 GHz (3MB Cache)	   \r\nBộ nhớ	4GB DDR3 1600MHz SDRAM Memory	   \r\nỔ đĩa cứng	Serial ATA (SATA) 500GB	   \r\nỔ đĩa quang	SuperMulti DVD	   \r\nCard đồ họa	Intel HD Graphics	   \r\nMàn hình	Không	   \r\nÂm thanh	HD Audio\r\nWaves MaxxAudio\r\nSupporting 5.1 surround	   \r\nChuẩn WiFi	Dell Wireless 1705 802.11b/g/n	   \r\nNetwork (RJ-45)	Integrated Giga bit 10/100/1000 Ethernet	   \r\nCổng giao tiếp	USB 3.0 / USB 2.0	   \r\n 	VGA Port	   \r\n 	LAN (RJ-45)	   \r\n 	Headphones	   \r\n 	Microphone	   \r\nBluetooth 	Bluetooth 4.0	   \r\nCard Reader	Media Card Reader Integrated 8-in-1 Media Card Reader	   \r\nHệ điều hành	Windows 8.1	   \r\nKích thước	266 x 101 x 381 mm	   \r\nKhối lượng	5.9 kg	 \r\n', 'DELL INS3647ST  mang trên mình khả năng xử lý rất tốt, với chip Intel Pentium G3240 tốc độ 3.10 GHz hoạt động với 2 nhân và RAM 2 GB, máy cho khả năng chạy đa nhiệm mượt mà, việc soạn thảo văn bản với các ứng dụng văn phòng cũng được thự hiện một cách nhanh chóng.\r\n', 'DELL INS3647ST  được thiết kế nhỏ gọn với cấu hình mạnh, xử lý đồ họa và các tác vụ phức tạp tốt với ổ cứng lưu trữ 500BG thoải mái lưu trữ dữ liệu lớn nhưng vẫn đảm bảo tiết kiệm điện. DELL INS3647ST  có bộ vi xử lý Core i3-4160 cho hiệu suất 3.6GHz xử lý các tác vụ tốt hơn, dễ dàng cài đặt phần mềm ứng dụng hỗ trợ công việc lẫn giải trí cá nhân trên DELL INS3647ST . Máy tính để bàn DELL INS3647ST  trang bị Card Ðồ họa Onboard giúp xử lý đồ họa và các tác vụ với ổ cứng lưu trữ 500GB. Máy tính để bàn DELL INS3647ST  có đầy đủ kết nối của một chiếc máy tính cần có. Và máy tính để bàn DELL INS3647ST  với cổng USB 2.0 để thoải mái kết nối thiết bị ngoài vi như chuột, bàn phím hay ổ cứng di động vô cùng thuận tiện.', '0000-00-00 00:00:00', '0000-00-00 00:00:00'),
(35, 'HP PAVILION 500 - 504X - K5M24AA', 2, 14, 67000000, 60000000, 5, 1, 1, 'HP-110-223X-01.jpg', 'HP-110-223X-02.jpg', 'HP-110-223X-03.jpg', 'thumbnail-HP-110-223X-01.jpg', 'thumbnail-HP-110-223X-02.jpg', 'thumbnail-HP-110-223X-03.jpg', ' \r\nDòng sản phẩm	K5M24AA 	   \r\nMàu	Đen	   \r\nBộ vi xử lý	Intel Core i5-4460 - 3.20GHz Up to 3.4GHz with Turbo Boost (6MB Cache)	   \r\nBộ nhớ	4GB DDR3 1600MHz SDRAM	   \r\nỔ đĩa cứng	Serial ATA (SATA) 1TB - 7200rpm	   \r\nỔ đĩa quang	SuperMulti DVD	   \r\nCrad đồ họa	NVIDIA GeForce GT 710 2GB DDR3 64bit / Intel HD integrated graphics	   \r\nMàn hình	No	   \r\nÂm thanh	Audio Codec: ALC659-CG\r\n5.1 channel support	   \r\nChuẩn WiFi	Wireless LAN 802.11b/g/n featuring Single-band (2.4Ghz)	   \r\nNetwork (RJ-45)	Integrated 10/100/1000Mb - Gigabit Ethernet Controller 	   \r\nCổng giao tiếp	USB 3.0 / USB 2.0	   \r\n 	VGA / DVI-D	   \r\n 	LAN (RJ-45)	   \r\n 	Headphones	   \r\n 	Microphone	   \r\nBluetooth 	Integrated Bluetooth 4.0	   \r\nCard Reader	Yes, 7-in-1 multimedia card reader	   \r\nHệ điều hành	UBUNTU	   \r\nKích thước	389 x 367 x 175 mm	   \r\nKhối lượng	7.2 kg	 \r\n', 'Realtek High Definition Audio đã quá quen thuộc với người dùng máy tính, khả năng thể hiện âm thanh thì không có gì phải bàn cãi. Với âm thanh Realtek, những trải nghiệm nghe nhạc, xem phim trên máy tính để bàn HP PAVILION 500 - 504X - K5M24AA sẽ thật thú vị, bạn sẽ cảm thấy hài lòng với âm thanh chất lượng cao khi nghe qua tai nghe hay loa.', 'Cũng như các loại PC khác, máy tính để bàn HP PAVILION 500 - 504X - K5M24AA tích hợp các cổng kết nối phổ biến USB, LAN, VGA. Máy không có cổng HDMI nhưng bạn cũng có thể dùng cáp chuyển từ VGA sang HDMI để có thể kết nối linh hoạt với các thiết bị khác.\r\nHệ điều hành Ubuntu chắc hẳn còn rất lạ lẫm với nhiều người nhưng không thể phủ nhận những tính năng độc đáo, cách xử lý chuyên nghiệp của nền tảng này. Máy tính để bàn HP PAVILION 500 - 504X - K5M24AA được cài đặt sẵn hệ điều hành Ubuntu cho khả năng chạy các ứng dụng mượt mà, nhanh chóng và hơn nữa là bạn có thể cài đặt rất nhiều phần mềm thú vị, tiện ích hoàn toàn miễn phí.', '2015-11-09 17:00:00', '2015-12-17 03:07:24'),
(36, 'HP 202 G1 MT', 2, 14, 8790000, 7999000, 100, 0, 0, 'may-tinh-de-ban-hp-550-032l-01.jpg', 'may-tinh-de-ban-hp-550-032l-02.jpg', 'may-tinh-de-ban-hp-550-032l-03.jpg', 'thumbnail-may-tinh-de-ban-hp-550-032l-01.jpg', 'thumbnail-may-tinh-de-ban-hp-550-032l-02.jpg', 'thumbnail-may-tinh-de-ban-hp-550-032l-03.jpg', ' \r\nDòng sản phẩm	HP 202 G1 MT - i3-3240	   \r\nMàu	Đen	   \r\nBộ vi xử lý	Intel Core i3-3240 - 3.40 GHz (3MB Cache)	   \r\nBộ nhớ	4GB DDR3 1600MHz SDRAM Memory / Up to 8 GB	   \r\nỔ đĩa cứng	Serial ATA (SATA) 500GB	   \r\nỔ đĩa quang	SuperMulti DVD	   \r\nCrad đồ họa	Integrated Intel HD Graphics	   \r\nMàn hình	No	   \r\nÂm thanh	High Definition Audio	   \r\nChuẩn WiFi	No	   \r\nNetwork (RJ-45)	Integrated 10/100/1000M Gigabit Ethernet Controller 	   \r\nCổng giao tiếp	USB Port	   \r\n 	VGA Port	   \r\n 	LAN (RJ-45)	   \r\n 	Headphones	   \r\n 	Microphone	   \r\nBluetooth 	No	   \r\nCard Reader	N/A	   \r\nHệ điều hành	Free DOS	   \r\nKích thước	355 x 340 x 165 mm	   \r\nKhối lượng	7.2 kg	 \r\n', 'Máy tính để bàn HP 202 G1 MT tích hợp vi xử lý Intel Core i3 có tốc độ 3.60GHz cùng sự hỗ trợ của RAM 4GB, giúp đảm nhận tốt những ứng dụng liên quan đến công việc văn phòng và cũng đảm bảo được khả năng giải trí trên máy với những game "nặng" nhưng không đòi hỏi quá nhiều về đồ họa.\r\n', 'Cũng giống như các dòng laptop, máy tinh để bàn cũng được ra nhiều phiên bản trên cùng một model sản phẩm với những thay đổi đôi chút về cấu hình, giá cả nhằm phù hợp với nhu cầu của người tiêu dùng. Phiên bản máy tính để bàn HP 202 G1 MT RAM 4GB được tăng cường dung lượng RAM và chip Intel Core i3 (bạn có thể tham khảo thêm phiên bản Intel Pentium RAM 2GB).\r\nPC HP 202 G1 MT  sẽ làm bạn hài lòng với những lợi ích mà chiếc máy tính này đem lại.', '0000-00-00 00:00:00', '0000-00-00 00:00:00'),
(37, 'ASUS M32AD-VN041D ', 2, 13, 7000000, 6500000, 100, 0, 0, 'may-tinh-de-ban-asus-k31ad-01.jpg', 'may-tinh-de-ban-asus-k31ad-02.jpg', 'may-tinh-de-ban-asus-k31ad-03.jpg', 'thumbnail-may-tinh-de-ban-asus-k31ad-01.jpg', 'thumbnail-may-tinh-de-ban-asus-k31ad-02.jpg', 'thumbnail-may-tinh-de-ban-asus-k31ad-03.jpg', ' \r\nDòng sản phẩm	VN041D - 90PD00U1-M09320	   \r\nMàu	Đen	   \r\nBộ vi xử lý	Intel Core i5- 4460 - 3.20 GHz Up to 3.4GHz with Turbo Boost (6MB Cache)	   \r\nBộ nhớ	4GB DDR3 1600MHz - Dual Channel, DDR3 at 1600MHz - 2 x DIMM	   \r\nỔ đĩa cứng	Serial ATA (SATA) 1TB	   \r\nỔ đĩa quang	Supermulti DVD	   \r\nCard đồ họa	NVIDIA GeForce GT720 2GB	   \r\nMàn hình	Không	   \r\nÂm thanh	SonicMaster - High Definition 8 Channel Audio	   \r\nChuẩn WiFi	Không	   \r\nNetwork (RJ-45)	Integrated Giga bit 10/100/1000 Ethernet	   \r\nCổng giao tiếp	USB 3.0 / USB 2.0	   \r\n 	VGA Port	   \r\n 	LAN (RJ-45)	   \r\n 	HDMI	   \r\n 	Channel Audio	   \r\nBluetooth 	Không	   \r\nCard Reader	Có	   \r\nHệ điều hành	Free DOS	   \r\nKích thước	406.4 x 381 x 175.2 mm	   \r\nKhối lượng	8.16 kg	 \r\n', 'Máy tính để bàn ASUS M32AD-VN041D  được trang bị ổ đĩa cứng với dung lượng 500 GB, giúp bạn có thể cài đặt nhiều phần mềm, trò chơi mà không phải lo về tình trạng hết bộ nhớ trống. Ổ đĩa cứng cũng cho tốc độ truy xuất dữ liệu nhanh.\r\n', 'Đối với những người phải làm việc trên máy tính với tần suất lớn và những phần mềm họ sử dụng đòi hỏi cấu hình cao thì việc trang bị cho mình một chiếc máy tính mạnh mẽ là điều rất cần thiết. Chính vì lẽ đó mà mặc dù cồng kềnh, không có khả năng di chuyển như laptop mà máy tính bàn vẫn trở nên thông dụng bây giờ. Máy tính để bàn ASUS M32AD-VN041D  sở hữu chip xử lý Intel Core i5 cho hiệu năng làm việc hiệu quả.', '0000-00-00 00:00:00', '0000-00-00 00:00:00'),
(38, 'ASUS M70AD-VN004D', 2, 13, 14290000, 0, 100, 0, 0, 'may-tinh-de-ban-asus-p30ad-01.jpg', 'may-tinh-de-ban-asus-p30ad-02.jpg', 'may-tinh-de-ban-asus-p30ad-03.jpg', 'thumbnail-may-tinh-de-ban-asus-p30ad-01.jpg', 'thumbnail-may-tinh-de-ban-asus-p30ad-02.jpg', 'thumbnail-may-tinh-de-ban-asus-p30ad-03.jpg', ' \r\nDòng sản phẩm	VN004D - 90PD00B1-M01130	   \r\nMàu	Xám	   \r\nBộ vi xử lý	Intel Core i5- 4440 - 3.10 GHz Up to 3.3GHz with Turbo Boost (6MB Cache)	   \r\nBộ nhớ	4GB DDR3 1600MHz - Dual Channel, DDR3 at 1600MHz - 2 x DIMM	   \r\nỔ đĩa cứng	Serial ATA (SATA) 1TB	   \r\nỔ đĩa quang	Slimtray Super Multi DVD	   \r\nCard đồ họa	NVIDIA GeForce GT620 2GB	   \r\nMàn hình	Không	   \r\nÂm thanh	SonicMaster - High Definition 8 Channel Audio	   \r\nChuẩn WiFi	Có	   \r\nNetwork (RJ-45)	Integrated Giga bit 10/100/1000 Ethernet	   \r\nCổng giao tiếp	USB 3.0 / USB 2.0 / 	   \r\n 	VGA / DVI-D	   \r\n 	LAN (RJ-45)	   \r\n 	HDMI / PS/2(Keyboard/Mouse)	   \r\n 	Channel Audio	   \r\nBluetooth 	Có	   \r\nCard Reader	Có	   \r\nHệ điều hành	Free DOS	   \r\nKích thước	175 x 433 x 412 mm	   \r\nKhối lượng	9.8 kg	 \r\n', 'Sở hữu bộ giải mã âm thanh chất lượng cao High Definition, máy tính để bàn ASUS M70AD-VN004D sẽ cho bạn những cảm giác thú vị khi nghe nhạc hay xem phim trên máy thông qua tai nghe hay loa, giúp cho những giờ phút giải trí trở nên tuyệt vời hơn.\r\n', 'Máy tính để bàn ASUS M70AD-VN004D có thiết kế đẹp, hiện đại làm nổi bật lên không gian nơi bố trí thiết bị, hơn nữa vẻ ngoài khá là gọn gàng, giúp bạn có thể đặt ở các nơi có diện tích nhỏ. Desktop PC ASUS M70AD-VN004D có khả năng xử lý mạnh mẽ, có thể phục vụ tốt cho nhu cầu làm việc, học tập của bạn. Máy tính để bàn ASUS M70AD-VN004D tích hợp ổ đĩa quang DVD có khả năng đọc/ghi để bạn có thể chia sẻ hay lưu trữ dữ liệu thông qua đĩa DVD được dễ dàng, thuận tiện.\r\n', '0000-00-00 00:00:00', '0000-00-00 00:00:00'),
(39, 'APPLE IMAC 21.5"/2.7QC/2X4GB/1TB/IRISPRO-ITP_ME086ZP/A', 2, 1, 30900000, 0, 100, 1, 0, 'iMac_27inch_i1.jpg', 'iMac_27inch_i2.jpg', 'iMac_27inch_i3.jpg', 'thumbnail-iMac_27inch_i1.jpg', 'thumbnail-iMac_27inch_i2.jpg', 'thumbnail-iMac_27inch_i3.jpg', ' \r\nDòng sản phẩm	ME086ZP/A	   \r\nMàu	Trắng	   \r\nBộ vi xử lý	Intel Core i5-2.70GHz Quad-Core - Up to 3.2 GHz with Turbo Boost (4MB L3 Cache)	   \r\nBộ nhớ	SDRAM DDR3 8GB (two 4GB) of 1600MHz (Up to 16GB)	   \r\nỔ đĩa cứng	Serial ATA (SATA) 1000GB - 5400 rpm	   \r\nỔ đĩa quang	No	   \r\nCrad đồ họa	Intel HD Graphics / Intel Iris Pro Graphics	   \r\nMàn hình	21.5-inch (diagonal) LED-backlit display with IPS technology	   \r\n 	1920-by-1080 resolution with support for millions of colors	   \r\nÂm thanh	Stereo speakers	   \r\n 	Dual microphones	   \r\n 	Headphone / optical digital audio output (minijack)	   \r\n 	Support for Apple iPhone headset with microphone	   \r\nCamera	FaceTime HD camera	   \r\nChuẩn WiFi	IEEE 802.11a/b/g/n	   \r\nNetwork (RJ-45)	10/100/1000BASE-T Gigabit Ethernet	   \r\nCổng giao tiếp	Four USB 3 ports (compatible with USB 2)	   \r\n 	Two Thunderbolt ports	   \r\n 	SDXC card slot	   \r\n 	Headphones	   \r\n 	Kensington lock slot	   \r\nBluetooth 	Bluetooth 4.0 wireless technology	   \r\nHệ điều hành	OS X	   \r\nKích thước	528 x 450 x 175 mm	   \r\nKhối lượng	5.68 kg	 \r\n', 'Một desktop PC cao cấp thì không thể thiếu một bộ vi xử lý mạnh mẽ, máy tính để bàn Apple iMac ME086ZP/A trang bị chip Intel Core i5 ngoài tốc độ cao còn giúp tiết kiệm điện năng tiêu thụ. RAM dung lượng lên đến 8 GB, giúp bạn có thể thao tác với nhiều chương trình cùng lúc mà vẫn đảm bảo sự mượt mà. \r\n', 'Sở hữu một chiếc máy tính để bàn Apple iMac, luôn là niềm ao ước của rất nhiều người khi đang chọn mua desktop PC. Máy tính để bàn Apple iMac ME086ZP/A được thiết kế siêu mỏng, đầy sang trọng, thể hiện lên sự đẳng cấp của người sử dụng. Desktop PC Apple iMac ME086ZP/A cũng được trang bị cấu hình mạnh mẽ để có thể đáp ứng được nhu cầu làm việc cũng như giải trí của bạn. Tuy nhiên, vì giá thành không được "khiêm tốn", nên dường như máy tính để bàn Apple iMac ME086ZP/A chỉ thật sự dành cho những người có thu nhập cao', '0000-00-00 00:00:00', '0000-00-00 00:00:00'),
(40, 'APPLE IMAC 27"/3.4QC/2X4GB/1TB/GTX775M-ITP_ME089ZP/A', 2, 1, 50900000, 0, 100, 0, 0, 'iMac-i1.jpg', 'iMac-i2.jpg', 'iMac-i3.jpg', 'thumbnail-iMac-i1.jpg', 'thumbnail-iMac-i2.jpg', 'thumbnail-iMac-i3.jpg', ' \r\nDòng sản phẩm	ME089ZP/A	   \r\nMàu	Trắng	   \r\nBộ vi xử lý	Intel Core i5-3.40GHz Quad-Core - Up to 3.8 GHz with Turbo Boost (6MB L3 Cache)	   \r\nBộ nhớ	SDRAM DDR3 8GB (two 4GB) of 1600MHz (Up to 16GB)	   \r\nỔ đĩa cứng	Serial ATA (SATA) 1000GB - 7200 rpm	   \r\nỔ đĩa quang	No	   \r\nCrad đồ họa	NVIDIA GeForce GTX 775M graphics processor with 2GB of GDDR5	   \r\nMàn hình	27-inch (diagonal) LED-backlit display with IPS technology	   \r\n 	2560-by-1440 resolution with support for millions of colors	   \r\nÂm thanh	Stereo speakers	   \r\n 	Dual microphones	   \r\n 	Headphone / optical digital audio output (minijack)	   \r\n 	Support for Apple iPhone headset with microphone	   \r\nCamera	FaceTime HD camera	   \r\nChuẩn WiFi	IEEE 802.11a/b/g/n	   \r\nNetwork (RJ-45)	10/100/1000BASE-T Gigabit Ethernet	   \r\nCổng giao tiếp	Four USB 3 ports (compatible with USB 2)	   \r\n 	Two Thunderbolt ports	   \r\n 	SDXC card slot	   \r\n 	Headphones	   \r\n 	Kensington lock slot	   \r\nBluetooth 	Bluetooth 4.0 wireless technology	   \r\nHệ điều hành	Mac OS	   \r\nKích thước	650 x 516 x 203 mm	   \r\nKhối lượng	9.54 kg	 \r\n', 'Máy tính để bàn Apple iMac ME089ZP/A xứng đáng là một thiết bị dành cho dân thiết kế đồ họa khi sở hữu card NVIDIA GeForce GTX 775M 2 GB đầy mạnh mẽ đem đến khả năng xử lý đồ họa cao, hỗ trợ bạn rất nhiều trong công việc cũng như khi bạn giải trí với phim chất lượng cao hay game 3D.\r\n', 'Máy tính để bàn Apple iMac ME089ZP/A được thiết kế để sở hữu vẻ đẹp của tương lai, làm tăng tính thẩm mỹ, nghệ thuật cho căn phòng đầy sang trọng của bạn. Desktop PC Apple iMac ME089ZP/A được trang bị bộ vi xử lý Intel Core i5  với tốc độ cực cao ngay cả khi chạy đa nhiệm nhiều chương trình cùng lúc nhờ vào RAM dung lượng 8 GB. Máy tính để bàn Apple iMac ME089ZP/A mang đến khả năng xử lý đồ họa cao nhờ vào chip NVIDIA GeForce nổi tiếng. Có thể nói máy tính để bàn Apple iMac ME089ZP/A là một sản phẩm "tài sắc vẹn toàn" dành cho những doanh nhân thành đạt hay những chuyên viên thiết kế chuyên nghiệp.\r\n', '2015-11-01 17:00:00', '0000-00-00 00:00:00'),
(41, 'TIVI LCD SONY KD-55X9000C VN3', 5, 3, 60900000, 0, 100, 0, 0, 'SONYKD-55X9000CVN3_01.PNG', 'SONYKD-55X9000CVN3_02.PNG', 'SONYKD-55X9000CVN3_03.PNG', 'thumbnail-SONYKD-55X9000CVN3_01.PNG', 'thumbnail-SONYKD-55X9000CVN3_02.PNG', 'thumbnail-SONYKD-55X9000CVN3_03.PNG', 'Model	 SONY 55X9000C\r\nTính năng 3D	 Có, 3D thụ động\r\nLoại màn hình	 LED\r\nKích thước màn hình (inches) 	 55\r\nĐộ phân giải (pixels) 	 4K (3840 x 2160)\r\nTỉ lệ màn hình	 16:9\r\nTần số quét (Hz)	 Motionflow XR 800 Hz\r\nBộ giải mã truyền hình kỹ thuật số	 DVB-T2\r\nSmart TV / Internet TV	 Có\r\nCông suất loa	 30W\r\nHệ thống loa	 2.2ch\r\nHệ thống âm thanh	 Dolby Digital, Dolby Digital Plus, Dolby Pulse\r\nCổng HDMI	 Có\r\nCổng Composite	 Có\r\nCổng Component	 Có\r\nCổng RGB Vào (D-sub 15pin)	 -\r\nWifi	 Có, Tích hợp\r\nCổng USB	 Có\r\nCổng Ethernet (LAN)	 Có\r\nChế độ tiết kiệm điện	 Có\r\nĐiện năng tiêu thụ	 241W\r\nKích thước sản phẩm	 Có chân đế: 1232x774(766)x257 mm - Không chân đế: 1232x712x39(4.9) mm (W x H x D)\r\nKhối lượng sản phẩm	 Có chân đế: 19.7 kg - Không chân đế: 18.4 kg\r\nKính 3D đi kèm	-\r\n', 'Với màn hình rộng 55 inches độ phân giải Ultra HD, tivi LED Sony 55X9000Ccho khả năng hiển thị hình ảnh cực nét và rõ ràng. Bộ xử lý hình ảnh X-Reality Pro được tích hợp trên tivi thông minh Sony 55X9000C giảm nhiễu, nhòe, hiệu chỉnh các chi tiết mang đến độ trung thực đến không ngờ.', 'Tivi LED Sony 55X9000C là một trong những sản phẩm chủ lực của hãng điện tử Sony được sản xuất trên dây chuyền công nghệ hiện đại để đạt được chất lượng cao và độ bền ổn định. Tivi LCD Sony 55X9000C mang trên mình khả năng xử lý hình ảnh tuyệt vời và hệ thống âm thanh chất lượng cao, chắc chắn sẽ mang đến cho bạn một bầu không khí giải trí đầy thú vị. Tivi LED Sony 55X9000C sẽ là một sự lựa chọn hoàn hảo tô điểm thêm cho ngôi nhà hiện đại của bạn.\r\n', '0000-00-00 00:00:00', '0000-00-00 00:00:00'),
(42, 'TIVI LCD SONY KD-65S8500C VN3', 5, 3, 72900000, 0, 4, 0, 0, 'TIVILCDSONYKD-65S8500CVN3_01.PNG', 'TIVILCDSONYKD-65S8500CVN3_02.PNG', 'TIVILCDSONYKD-65S8500CVN3_03.PNG', 'thumbnail-TIVILCDSONYKD-65S8500CVN3_01.PNG', 'thumbnail-TIVILCDSONYKD-65S8500CVN3_02.PNG', 'thumbnail-TIVILCDSONYKD-65S8500CVN3_03.PNG', 'Model	SONY KD-65S8500C VN3\r\nTính năng 3D	Có\r\nHệ điều hành	Tivi hệ điều hành Android\r\nLoại màn hình	LED - Màn hình cong\r\nKích thước màn hình 	65 inches\r\nĐộ phân giải (pixels) 	QFHD, độ phân giải hình ảnh 4K (2840 x 2160) 8 triệu điểm ảnh chi tiết gấp 4 lần so với độ phân giải full HD\r\nTỉ lệ màn hình	16:09\r\nTần số quét (Hz)	Motionflow XR 800Hz\r\nBộ giải mã truyền hình kỹ thuật số	DVB-T/T2\r\nSmart TV / Internet TV	-\r\nCông suất loa	10 W+ 10 W\r\nHệ thống loa	Loa Bass Reflex, 2 Loa, toàn dải (30 x 80 mm) x 2\r\nHệ thống âm thanh	Dolby Digital, Dolby Digital Plus, Dolby Pulse\r\nCổng HDMI	Có (4 side) , HDMI Version: Lên đến 3Gbps: 4:2:0 (8bit) (cho HDMI 1/2/3/4)\r\nNgõ video	2 (1 Side Analog Conversion/1Rear Hybrid w/Component)\r\nNgõ video component	Có\r\nNgõ ăngten RF	1 (bên hông)\r\nCổng vào âm thanh	2 (1 phía sau /1 bên hông)\r\nNgõ ra âm thanh KTS	1 (phía sau)\r\nNgõ ra tai nghe	1 (bên hông/chung với ngõ ra âm thanh Audio Out)\r\nBluetooth	HID/HOGP/3DSP/SPP\r\nWifi	Có (Wifi Direct, wifi tích hợp)\r\nCổng USB	Có 3 cổng\r\nCổng Ethernet (LAN)	Có 1 (phía sau)\r\nChế độ tiết kiệm điện	Có, cảm biếng ánh sáng, điều chỉnh ánh sáng nền, tắt đèn nền\r\nĐiện năng tiêu thụ	258 W, chế độ chờ 0.5 W\r\nTính năng khác	- Chế độ âm thanh: Standard, Cinema, Live Football, Music, âm thanh vòm tự động, S-Force, âm thanh stereo NICAM/A2, bộ khuếch đại kỹ thuật số S-Master.\r\n- Xử lý hình ảnh 4K X-reality, tăng cường độ tương phản cao, đèn nền Edge LED, kiểm soát màn hình Frame dimming, chế độ xem phim 24P true cinema, hình ảnh 3D sống động.\r\n- Hỗ trợ google cast,Voice Function, kho ứng dụng google play,trình duyệt Internet với giao diện opera.\r\n- Có chức năng khóa trẻ em, mã hóa, hẹn giờ tắt,mở, PAP, chức năng hình trong hình, hiển thị sử dụng trên màn hình TV/EPG, BRAVIA Sync.\r\n- Kết nối mạng xã hội Twitter, chia sẽ hình ảnh photo share, chế độ âm thanh Live Football, chia sẻ màn hình Screen Mirroring, TV Sideview.\r\n- Voice search: tìm kiếm thông tin bằng giọng nói (hỗ trợ 42 ngôn ngữ bao gồm tiếng Việt)\r\nKích thước có chân	Xấp xỉ 1452 x 893 x 274 mm (RxCxS)\r\nKích thước không có chân	Xấp xỉ 1452 x 845 x 108 mm (RxCxS)\r\nKhồi lượng có chân	Xấp xỉ 32.3 Kg\r\nKhối lượng không có chân	Xấp xỉ 30.1 Kg\r\n', 'Xem hình ảnh với chất lượng đỉnh hơn, sống động hơn nhờ bộ xử lý 4K X1 chuyên biệt X1 mới được phát triển đem lại khả năng nâng cấp độ phân giải 4K và trình diễn nội dung 4K gốc ấn tượng hơn bao giờ hết. Tivi LCD Sony KD-65S8500C với điểm nhấn nổi bật bộ xử lý 4K X1 là một bộ xử lý cải thiện hình ảnh tiên tiến với khả năng đem cả ba yếu tố quan trọng: độ chi tiết, màu sắc và tương phản lên một đẳng cấp mới.', 'Một sự lựa chọn khác nếu bạn thích sở hữu những sản phẩm tivi màn hình lớn, Tivi LCD Sony KD-65S8500C 65 inches với công nghệ xử lý hình ảnh 4K đem lại trải nghiệm nghe nhìn tuyệt vời. Thiết kế màn hình cong hoàn mỹ áp dụng các thuật toán xử lý hình ảnh tiên tiến nhất, chiếc Smart Tivi - Tivi LCD Sony KD-65S8500C này sẽ là thiết bị giải trí đem lại những giờ phút thư giãn cho bạn và cả gia đình. Bạn sẽ tiết kiệm được một khoản chi phí khá lớn vì không còn cần phải đến rạp để thưởng thức những bộ phim kinh điển. \r\nTận hưởng âm thanh sống động, chất lượng hình ảnh như thật mà chỉ cần ngồi nhà với Tivi LCD Sony KD-65S8500C!\r\nTivi LCD Sony KD-65S8500C mở ra một thế giới giải trí bao la cho bạn tận hưởng từng giờ giải trí đầy thú vị với phim, chương trình TV và kho ứng dụng khổng lồ từ Google Play™. Bạn cũng có thể kết nối dễ dàng với hàng loạt các thiết bị Android™ khác để truyền tải đển TV những nội dung yêu thích của bạn. Dễ dàng tuyền tải video trực tiếp, tính năng tìm kiếm giọng nói và hỗ trợ thiết bị ngoại vi. Trải nghiệm cảm giác chơi game và xem video cực đã với Tivi LCD Sony KD-65S8500C\r\n', '0000-00-00 00:00:00', '0000-00-00 00:00:00'),
(43, 'TIVI LCD LED LG 55EC930T.ATVH', 5, 15, 44900000, 0, 100, 0, 0, 'TIVILCDLEDLG55EC930T.ATVH_01.PNG', 'TIVILCDLEDLG55EC930T.ATVH_02.PNG', 'TIVILCDLEDLG55EC930T.ATVH_03.PNG', 'thumbnail-TIVILCDLEDLG55EC930T.ATVH_01.PNG', 'thumbnail-TIVILCDLEDLG55EC930T.ATVH_02.PNG', 'thumbnail-TIVILCDLEDLG55EC930T.ATVH_03.PNG', 'Model	LG 55EC930T.ATVH\r\nTính năng 3D	Có\r\nLoại màn hình	OLED\r\nKích thước màn hình (inches) 	55\r\nĐộ phân giải (pixels) 	1920x1080\r\nTỉ lệ màn hình	-\r\nTần số quét (Hz)	-\r\nBộ giải mã truyền hình kỹ thuật số	DVB-T/T2\r\nSmart TV / Internet TV	Có\r\nCông suất loa	20W\r\nHệ thống loa	2 ch\r\nHệ thống âm thanh	Virtual Surround\r\nCổng HDMI	Có\r\nCổng Composite	Có\r\nCổng Component	-\r\nCổng RGB Vào (D-sub 15pin)	-\r\nWifi	Có, Tích hợp\r\nCổng USB	Có\r\nCổng Ethernet (LAN)	Có\r\nChế độ tiết kiệm điện	-\r\nĐiện năng tiêu thụ	Chế độ chờ 0.3 W\r\nKích thước sản phẩm	Có chân đế: 1225x753x204 mm - Không chân đế: 1225x702x37 mm\r\nKhối lượng sản phẩm	Có chân đế: 16.4 kg -Không chân đế: 14.4 kg\r\nKính 3D đi kèm	Không có kính\r\n', 'Điểm ảnh mờ là cả một công nghệ hiển thị mới vượt trội chỉ có duy nhất ở TV OLED (Organic Light Emitting Diode) - Tivi LG OLED 55EC930T. Vì mỗi điểm ảnh (pixel) có thể tự phát sáng và bật / tắt độc lập nên nó đạt được mức độ màu đen tuyệt đối chưa từng thấy trước đây ngay cả trong những cảnh tối, cảnh tăng cường chiều sâu và sức sống của màu sắc biểu hiện chi tiết sống động trên từng điểm ảnh.', 'Dòng sản phẩm Tivi OLED luôn khiến người tiêu dùng bất ngờ nhờ độ mỏng đến kinh ngạc của nó, được xem là tivi có màn hình hiển thị và kiểu dáng xuất sắc nhất khi đặt bên cạnh tivi LED, TV Plasma và Tivi LCD thông thường khác. Dòng sản phẩm TV thông minh Tivi LG OLED cong 55EC930T của LG được tích hợp những công nghệ và tính năng hiện đại nhất. Tivi LG OLED 55EC930T màn hình 55 inch sử dụng các công nghệ hình ảnh mang đến màu sắc sống động và độ chi tiết cao, là một trong những sản phẩm cao cấp đáng mua nhất hiện nay.\r\nTivi LG OLED 55EC930T với công nghệ dải màu 4 Pixel độc đáo mang đến biều hiện tự nhiên nhất của mỗi hình ảnh và màu sắc. Dù bạn xem gì, hình ảnh hiển thị đều rất thật và sống động. Bạn sẽ có cảm giác như mình đang thật sự ở đó và trực tiếp trải nghiệm nó bằng mắt thường của mình. Tối đa hóa trải nghiệm xem của bạn với màu sắc thực sự sống động như thật.\r\n', '0000-00-00 00:00:00', '0000-00-00 00:00:00'),
(44, 'TIVI LCD LED LG 55UG870T.ATV', 5, 15, 32900000, 0, 100, 0, 0, 'TIVILCDLEDLG55UG870T.ATV_01.PNG', 'TIVILCDLEDLG55UG870T.ATV_02.PNG', 'TIVILCDLEDLG55UG870T.ATV_03.PNG', 'thumbnail-TIVILCDLEDLG55UG870T.ATV_01.PNG', 'thumbnail-TIVILCDLEDLG55UG870T.ATV_02.PNG', 'thumbnail-TIVILCDLEDLG55UG870T.ATV_03.PNG', 'Model	LG 55UG870T.ATV\r\nTính năng 3D	Có\r\nLoại màn hình	LED-UHD\r\nKích thước màn hình (inches) 	55 inch\r\nĐộ phân giải (pixels) 	3840 x 2160\r\nTỉ lệ màn hình	- \r\nTần số quét (Hz)	TruMotion 100Hz\r\nBộ giải mã truyền hình kỹ thuật số	DVB-T2\r\nSmart TV / Internet TV	Có\r\nCông suất loa	20W\r\nHệ thống loa	2 loa\r\nHệ thống âm thanh	Virtual Surround\r\nCổng HDMI	Có\r\nCổng Composite	-\r\nCổng Component	Có\r\nCổng RGB Vào (D-sub 15pin)	-\r\nWifi	Có, Tích hợp\r\nCổng USB	Có\r\nCổng Ethernet (LAN)	Có\r\nChế độ tiết kiệm điện	- \r\nĐiện năng tiêu thụ	150W\r\nKích thước sản phẩm	Có chân đế: 1241x773x236 mm - Không chân đế: 1241x723x98 mm\r\nKhối lượng sản phẩm	Có chân đế: 24.2 kg - Không chân đế: 21.7 kg\r\nKính 3D đi kèm	Có\r\n', 'Tivi LED LG 55UG870T với thiết kế siêu mỏng, chân đế chắc chắn kiểu dáng lạ mắt kết hợp hài hòa với thân, trở thành một đặc điểm nội thất nổi bật của căn phòng. Màn hình cong chiếm toàn bộ bề mặt thân tivi LED LG 55UG870T, sẽ thật khó để thấy được viền của tivi, tạo nên cảm giác sống động và thích thú hơn khi xem', 'Tivi LED LG 55UG870T là một chiếc Smart TV cao cấp của hãng LG, nói về hãng sản xuất thì chắc mọi người đã không còn xa lạ gì với hãng điện tử LG và có rất nhiều người còn là tín đồ của nhà sản xuất đến từ Hàn Quốc này. Tivi màn hình cong LG 55UG870T không những mang lại khả năng hiển thị ưu việt, thêm vào đó, ngoại hình của thiết bị này còn đem đến cho không gian nhà bạn thêm phần đẳng cấp, sang trọng.\r\nTivi LED LG 55UG870T được trang bị màn hình cong rộng 55" với công nghệ IPS cho khả năng hiển thị tốt với góc nhìn linh hoạt giúp bạn có thể theo dõi được nội dung đang trình chiếu ở bất kì đâu trong phòng, độ phân giải UHD và những công nghệ xử lý hình ảnh tiên tiến cho phép hiển thị hình ảnh với chất lượng cao, màu sắc rực rỡ, đảm bảo được tính giải trí của tivi.\r\n', '0000-00-00 00:00:00', '0000-00-00 00:00:00'),
(45, 'TIVI LED SAMSUNG UA55JS9000KXXV', 5, 2, 69900000, 0, 100, 0, 0, 'TIVILEDSAMSUNGUA55JS9000KXXV_01.PNG', 'TIVILEDSAMSUNGUA55JS9000KXXV_02.PNG', 'TIVILEDSAMSUNGUA55JS9000KXXV_03.PNG', 'thumbnail-TIVILEDSAMSUNGUA55JS9000KXXV_01.PNG', 'thumbnail-TIVILEDSAMSUNGUA55JS9000KXXV_02.PNG', 'thumbnail-TIVILEDSAMSUNGUA55JS9000KXXV_03.PNG', 'Model	SAMSUNG UA55JS9000KXXV\r\nTính năng 3D	Có\r\nLoại màn hình 	LED\r\nKích thước màn hình (inches) 	55\r\nĐộ phân giải (pixels) 	Ultra HD 4K (3840 x 2160)\r\nTỉ lệ màn hình	-\r\nĐộ tương phản	-\r\nTần số quét (Hz)	CMR 1200\r\nThời gian đáp ứng (ms)	-\r\nSmart TV	Có\r\nCông suất loa	60 W (20W x 2, Woofer 10W x 2)\r\nHệ thống loa	4\r\nHệ thống âm thanh	-\r\nChế độ âm thanh	-\r\nHeadphone	-\r\nCổng HDMI	Có\r\nCổng Composite	-\r\nCổng Component	Có\r\nCổng PC	-\r\nCổng RGB Vào (D-sub 15pin)	-\r\nCổng Bluetooth	-\r\nAudio Out (Mini Jack)	-\r\nRF In 	Có\r\nCổng USB	Có\r\nCổng Ethernet (LAN)	Có\r\nChế độ tiết kiệm điện	-\r\nCảm biến hiện diện	-\r\nCảm biến ánh sáng môi trường	-\r\nBắt đài FM	-\r\nĐiện năng tiêu thụ (LCD)	-\r\nHẹn giờ bật/tắt	-\r\nRemote control	Có\r\nKích thước sản phẩm	Nguyên thùng: 1377x850x190 mm - Có chân đế: 1248.5x790.5x322.3 mm - Không chân đế: 1248.5x713.7x90.7 mm\r\nKhối lượng sản phẩm	Nguyên thùng: 30.7 kg - Có chân đế: 24.3 kg -Không chân đế: 21.7 kg\r\n', 'Micro Dimming Pro: Công nghệ tinh chỉnh, tối ưu hóa hình ảnh theo 3 bước (nâng cao độ tương phản, màu sắc, độ nét). Màu đen sẽ sâu hơn, màu sáng sẽ rực rỡ hơn và hình ảnh sẽ rõ nét hơn với TIVI LED SAMSUNG UA55JS9000KXXV.', 'Thị trường TV hiện nay hết sức đa dạng với nhiều công nghệ được cải tiến.. Là người tiêu dùng bạn có được nhiều sự lựa chọn hơn.  Để chọn được chiếc tivi hợp túi tiền, lại đáp ứng được nhu cầu sử dụng và phát huy được các thế mạnh công nghệ quả thật là việc không dễ. Sự phát triển công nghệ chóng mặt càng đưa ra nhiều sự lựa chọn phong phú cho bạn. Nếu bạn là người yêu thích công nghệ và có tính thẩm mỹ cao trong việc bài trí không gian nội thất thìTIVI LED SAMSUNG UA55JS9000KXXV sẽ là sự lựa chọn hoàn hảo cho bạn. Sản phẩm TV màn hình cong tích hợp các công nghệ đỉnh cao. Cùng chúng tôi khám phá TIVI LED SAMSUNG UA55JS9000KXXV 55 inch và tận hưởng cảm giác xem phim như ở rạp.\r\nSamsung chưa bao giờ làm người xem thất vọng về tính thẩm mỹ trong các thiết kế của mình. Với Smart TV TIVI LED SAMSUNG UA55JS9000KXXV, hãng một lần nữa khiến người xem hài lòng với thiết kế màn hình cong siêu mỏng (10 mm). Màn hình thiết kế khung tranh, với các đường viền được cắt vát sắc sảo, tinh tế. Mặt sau TIVI LED SAMSUNG UA55JS9000KXXV có bề mặt lượn sóng độc đáo. Chiếc tivi này như một tác phẩm nghệ thuật ấn tượng, điểm tô cho ngôi nhà của bạn.\r\n', '0000-00-00 00:00:00', '0000-00-00 00:00:00'),
(46, 'TIVI LED SAMSUNG UA55JU6400KXXV', 5, 2, 30900000, 0, 100, 0, 0, 'TIVILEDSAMSUNGUA55JU6400KXXV_01.PNG', 'TIVILEDSAMSUNGUA55JU6400KXXV_02.PNG', 'TIVILEDSAMSUNGUA55JU6400KXXV_03.PNG', 'thumbnail-TIVILEDSAMSUNGUA55JU6400KXXV_01.PNG', 'thumbnail-TIVILEDSAMSUNGUA55JU6400KXXV_02.PNG', 'thumbnail-TIVILEDSAMSUNGUA55JU6400KXXV_03.PNG', 'Model	SAMSUNG UA55JU6400KXXV\r\nTính năng 3D	-\r\nLoại màn hình 	LED\r\nKích thước màn hình (inches) 	55\r\nĐộ phân giải (pixels) 	Ultra HD 4K (3840 x 2160)\r\nTỉ lệ màn hình	-\r\nĐộ tương phản	-\r\nBộ giải mã truyền hình kỹ thuật số	DVB-T2\r\nTần số quét (Hz)	CMR 200Hz\r\nThời gian đáp ứng (ms)	-\r\nSmart TV	Có\r\nCông suất loa	20 W\r\nHệ thống loa	2 loa\r\nHệ thống âm thanh	DTS Studio Sound and Premium Sound 5.1, Dolby MS11\r\nChế độ âm thanh	-\r\nHeadphone	-\r\nCổng HDMI	Có\r\nCổng Composite	-\r\nCổng Component	Có\r\nCổng PC	-\r\nCổng RGB Vào (D-sub 15pin)	-\r\nCổng Bluetooth	-\r\nAudio Out (Mini Jack)	-\r\nWifi	Có, Tích hợp\r\nCổng USB	Có\r\nCổng Ethernet (LAN)	Có\r\nChế độ tiết kiệm điện	-\r\nCảm biến hiện diện	-\r\nCảm biến ánh sáng môi trường	-\r\nBắt đài FM	-\r\nĐiện năng tiêu thụ	-\r\nHẹn giờ bật/tắt	-\r\nRemote control	-\r\nKích thước sản phẩm	Nguyên thùng: 1417x154x815 mm - Có chân đế: 1242.6x718.4x63.2 mm - Không chân đế: 1242.6x718.4x63.2 mm\r\nKhối lượng sản phẩm	Nguyên thùng: 21.4 kg - Có chân đế: 17.3 kg - Không chân đế: 15 kg\r\n', 'Tivi LED Samsung UA55JU6400 được trang bị màn hình Ultra HD 4K (3840x2160) cho khả năng hiển thị siêu nét, cùng với những công nghệ hiển thị hình ảnh hiện đại, tiên tiến, bạn sẽ có những giờ phút thư giãn cực kỳ thú vị. Ngoài ra, với góc nhìn 178 độ, bạn có thể thoải mái di chuyển trong căn phòng mà vẫn có thể theo dõi được rõ ràng toàn bộ nội dung được trình chiếu trên tivi LED Samsung UA55JU6400.', 'Sang trọng, hiện đại, cho bạn những trải nghiệm cực thích thú khi xem tivi cùng gia đình, bạn bè. Đây là những nhận xét của những người đang sử dụng tivi LED Samsung UA55JU6400. Quả thật vậy, bạn sẽ không thể chê vào đâu được với chiếc tivi 55 inch này. Bạn có thể tha hồ khám phá thế giới giải trí muôn màu với smart tivi Samsung UA55JU6400.\r\nCông suất loa 20W kết hợp với công nghệ âm thanh vòm hiện đại, biến chiếc TV LED Samsung UA55JU6400 trở thành một "rạp hát tại gia" thực thụ, cho bạn những trải nghiệm âm thanh đa chiều sống động.\r\nTivi LED Samsung UA55JU6400 có tần số quét lên đến 200Hz, hỗ trợ xem mượt mà các hình ảnh chuyển động nhanh như các pha hành động trong những phim bom tấn, hay những pha tranh chấp nảy lửa trên sân vận động. Công nghệ Clean View, Wide Color Enhancer, PurColor, Micro Dimming Pro hiển thị màu sắc rực rỡ, siêu thực, ngay cả khi nguồn thu tín hiệu bị nhiễu sóng do thời tiết xấu.\r\n', '0000-00-00 00:00:00', '0000-00-00 00:00:00'),
(47, 'TIVI LED TOSHIBA 50L9450VN', 5, 16, 28500000, 0, 100, 0, 0, 'TIVILEDTOSHIBA50L9450VN_01.PNG', 'TIVILEDTOSHIBA50L9450VN_02.PNG', 'TIVILEDTOSHIBA50L9450VN_03.PNG', 'thumbnail-TIVILEDTOSHIBA50L9450VN_01.PNG', 'thumbnail-TIVILEDTOSHIBA50L9450VN_02.PNG', 'thumbnail-TIVILEDTOSHIBA50L9450VN_03.PNG', 'Model	TOSHIBA 50L9450VN\r\nTính năng 3D	-\r\nLoại màn hình 	LED\r\nKích thước màn hình (inches) 	50\r\nĐộ phân giải (pixels) 	3840x2160\r\nTỉ lệ màn hình	-\r\nĐộ tương phản	-\r\nBộ giải mã truyền hình kỹ thuật số	DVB-T2\r\nTần số quét (Hz)	3100Hz\r\nThời gian đáp ứng (ms)	-\r\nSmart TV / Internet TV	Có\r\nCông suất loa	15W x 2\r\nHệ thống loa	2\r\nHệ thống âm thanh	Power Pass Booster\r\nChế độ âm thanh	-\r\nHeadphone	-\r\nCổng HDMI	Có\r\nCổng Composite	Có\r\nCổng Component	Có\r\nCổng PC	Có\r\nCổng RGB Vào (D-sub 15pin)	-\r\nCổng Bluetooth	-\r\nWifi	Có, Tích hợp\r\nRF In	-\r\nCổng USB	Có\r\nCổng Ethernet (LAN)	Có\r\nChế độ tiết kiệm điện	-\r\nCảm biến hiện diện	-\r\nCảm biến ánh sáng môi trường	-\r\nBắt đài FM	-\r\nĐiện năng tiêu thụ	335W\r\nHẹn giờ bật/tắt	-\r\nRemote control	-\r\nKích thước sản phẩm	Có chân đế: 1128x709x247 mm - Không chân đế: 1128x664x71 mm\r\nKhối lượng sản phẩm	Có chân đế: 16.5 kg - Không chân đế: 14.7 kg\r\n', 'Màu sắc thực bị mất đi khi được truyền tải qua truyền hình, tuy nhiên L94 Series có thể tái tạo lại màu sắc tự nhiên, rực rỡ và làm tăng thêm dải màu. Dải rộng cao 4K và Led nền trực tiếp bổ trợ cho nhau và làm tăng thêm khả năng trình diễn hình ảnh chất lượng cao.', 'Tivi Ultra HD 4K tạo ra một đẳng cấp mới về hình ảnh với mật độ điểm ảnh cao gấp 4 lần Full HD. Định dạng hình ảnh mới này sẽ không làm mất đi chất lượng hình ảnh tuyệt vời cho dù kích thước màn hình tăng. Chất lượng hình ảnh sẽ giảm khi kích thước màn hình tăng 50 inch, nhưng Toshiba đã khăc phục được hạn chế này khi sử dụng công nghệ Ultra HD 4K. Với việc kết hợp giữa tấm nền Ultra HD 4K dải màu rộng & bộ vi xử lý CEVO 4K thế hệ 3, cho bạn thưởng ngoạn những khung hình 3840 x 2160 pixel tuyệt đẹp. Bạn sẽ đắm chìm với trải nghiệm hình ảnh rõ nét sống động, như trong rạp phim chuyên nghiệp ngay tại nhà.\r\nCó 2 loại hệ thống đèn hậu dành cho TV LED. Đó là LED trực tiếp và Led viền (đèn Led được bố trí ở cạnh panel). L94 Series được sử dụng công nghệ đèn hậu LED trực tiếp toàn tấm nền. Công nghệ đèn hậu Led của L94 Series cho phép kiểm soát độ sáng với độ chính xác cao và mang lại sự sắc nét cùng dải màu rộng hơn các tấm nền hiện tại.\r\n', '0000-00-00 00:00:00', '0000-00-00 00:00:00'),
(48, 'TIVI LED TOSHIBA 55L5550VN', 5, 16, 10900000, 0, 5, 0, 0, 'TIVILEDTOSHIBA55L5550VN_01.PNG', 'TIVILEDTOSHIBA55L5550VN_02.PNG', 'TIVILEDTOSHIBA55L5550VN_03.PNG', 'thumbnail-TIVILEDTOSHIBA55L5550VN_01.PNG', 'thumbnail-TIVILEDTOSHIBA55L5550VN_02.PNG', 'thumbnail-TIVILEDTOSHIBA55L5550VN_03.PNG', 'Model	TOSHIBA 55L5550VN\r\nTính năng 3D	-\r\nLoại màn hình	LED\r\nKích thước màn hình (inches) 	55 inch\r\nĐộ phân giải (pixels) 	Full HD (1920 x 1080)\r\nTỉ lệ màn hình	-\r\nTần số quét (Hz)	AMR 200 Hz\r\nBộ giải mã truyền hình kỹ thuật số	DVB-T2\r\nSmart TV / Internet TV	Có\r\nCông suất loa	20W\r\nHệ thống loa	2 loa\r\nHệ thống âm thanh	Power Bass Booster\r\nCổng HDMI	Có\r\nCổng Composite	Có\r\nCổng Component	Có\r\nCổng RGB Vào (D-sub 15pin)	-\r\nWifi	Có, Tích hợp\r\nCổng USB	Có\r\nCổng Ethernet (LAN)	Có\r\nChế độ tiết kiệm điện	-\r\nĐiện năng tiêu thụ	147 W\r\nKích thước sản phẩm	Có chân đế: 1241x771x214 mm - Không chân đế: 1241x726x75 mm\r\nKhối lượng sản phẩm	Có chân đế: 17.5 kg - Không chân đế: 15.8 kg\r\n', 'Tivi Led Toshiba 55L5550VN 55 inch được nâng cao chất lượng âm thanh với hệ thống loa Labyrinth cho âm bass mạnh mẽ và chắc gọn, mang đến cho người nghe thanh âm sành điệu hòa quyện tuyệt vời.', 'Tivi Led Toshiba 55L5550VN 55 inch có màn hình Full HD với độ phân giải 1920 x 1080 pixel và được áp dụng nhiều công nghệ canh chỉnh hình ảnh hiện đại cho chất lượng hiển thị tốt và sắc nét hơn, độ tương phản tốt, màu sắc trung thực và bắt mắt hơn. Smart Tivi Led Toshiba 55L5550VN 55 inch chạy hệ điều hành Android cho người dùng thỏa sức khám phá với nhiều nội dung giải trí đa dạng trên màn hình rộng. Bên cạnh đó, TV cũng được tích hợp đầu thu kỹ thuật số DVB-T2 cho bạn xem truyền hình hoàn toàn miễn phí.\r\nVới chiếc TV Led Toshiba 55L5550VN 55 inch sẽ cho người dùng có những nội dung giải trí đa dạng và không chỉ dừng lại ở việc xem TV mà còn hơn thế nữa. Tivi chạy hệ điều hành Android cho bạn thoái giải trí với màn hình rộng, TV có hỗ trợ gamepad làm tăng thêm sự hứng khởi cho bạn khi chơi những game đua xe và game hành động, lướt web cũng nhanh chóng và dễ dàng hơn. Hệ điều hành Android cho phép bạn thiết lập đến 7 tài khoản người sử dụng trên cùng một tivi. Tiết kiệm thời gian để đăng nhập vào hệ thống cho mỗi cá nhân khi sử dụng.\r\n', '0000-00-00 00:00:00', '0000-00-00 00:00:00'),
(49, 'TIVI LED FULL HD PANASONIC TH-50C300V', 5, 17, 12400000, 0, 100, 0, 0, 'TIVILEDFULLHDPANASONICTH-50C300V_01.PNG', 'TIVILEDFULLHDPANASONICTH-50C300V_02.PNG', 'TIVILEDFULLHDPANASONICTH-50C300V_03.PNG', 'thumbnail-TIVILEDFULLHDPANASONICTH-50C300V_01.PNG', 'thumbnail-TIVILEDFULLHDPANASONICTH-50C300V_02.PNG', 'thumbnail-TIVILEDFULLHDPANASONICTH-50C300V_03.PNG', 'Model	PANASONIC TH-50C300V\r\nTính năng 3D	Không\r\nLoại màn hình	LED\r\nKích thước màn hình (inches) 	50\r\nĐộ phân giải (pixels) 	FHD (1920x1080)\r\nTỉ lệ màn hình	16:9\r\nTần số quét (Hz)	100Hz BMR\r\nChế độ hình ảnh	Chuẩn/Động/Studio/Cá nhân/Phim\r\nBộ giải mã truyền hình kỹ thuật số	DVB-T2\r\nVivid Digital Pro	Không\r\nGóc nhìn	176 độ\r\nCông nghệ làm mờ đèn nền thích ứng	Có\r\nGiảm nhiễu	Có\r\nSmart TV / Internet TV	Không\r\nCông suất loa	20 W (10 W x 2)\r\nHệ thống loa	2\r\nChế độ âm thanh	Rock/Pop/Trực tiếp/Khiêu vũ/Techno/Cổ điển/Nhẹ nhàng/Cá nhân\r\nPhát đa phương tiện	Có\r\nĐịnh dạng được hỗ trợ	AVI/MKV/MP4/TS/TRP, MPG\r\nCổng HDMI	Có\r\nĐầu vào video Component được chia sẻ với Composite	Loại RCA phono x 1 (phía sau)\r\nWifi	Không\r\nCổng USB	Có\r\nĐầu ra âm thanh kỹ thuật số (Quang)	Chân cắm RCA (cạnh bên)\r\nCổng ra âm thanh Analog	Có\r\nCổng Ethernet (LAN)	Không\r\nNguồn điện	AC 220 - 240 V, 50/60 Hz\r\nĐiện năng tiêu thụ	125 W - Chế độ chờ: 0.5 W\r\nCảm biến xung quanh	Không\r\nKích thước sản phẩm	Có chân đế: 1.129x711x230 mm - Không chân đế: 1.129x662x79 mm\r\nKhối lượng sản phẩm	Có chân đế: - kg - Không chân đế: - kg\r\nKính 3D đi kèm	Không\r\n', 'Việc sở hữu một viền màn hình cực mỏng không những mang lại giá trị thẩm mỹ mà còn đem đến một cảm giác xem thú vị khi hình ảnh gần như tràn ra ngoài, khung tivi LCD Panasonic TH-50C300V làm bằng chất liệu cao cấp, đem lại sự chắc chắn và sang trọng cho sản phẩm. Tivi LCD Panasonic TH-50C300V có thiết kế mỏng, nhờ vậy bạn có thể dễ dàng bố trí ở các điều kiện không gian khác nhau và trở thành một đặc điểm nội thất nổi bật.', 'Sở hữu kích thước màn hình rộng cùng một mức giá hợp lý, tivi LCD Panasonic TH-50C300V nhanh chóng lọt vào tầm mắt của nhiều người đang muốn tìm kiếm cho mình một chiếc tivi gia đình hiện đại. Tivi LCD Panasonic TH-50C300V có màn hình 50 inches độ phân giải Full HD hiển thị hình ảnh chất lượng cao. Bên cạnh đó, với công nghệ xử lý tiên tiến, tivi Full HD Panasonic TH-50C300V hứa hẹn mang đến cho bạn những trải nghiệm màu sắc đầy thú vị.\r\nKhi mọi người vẫn đang chạy đua với công nghệ khi muốn trang bị cho nhà mình những sản phẩm tivi UHD, nhưng vẫn còn rất nhiều người lựa chọn cho mình tivi Full HD vừa tiết kiệm được chi phí mà vẫn đảm bảo được chất lượng hình ảnh. Tivi LCD Panasonic TH-50C300V có kích thước màn hình 50 inches cùng với độ phân giải FHD, hứa hẹn đem đến cho bạn những hình ảnh cực kỳ ấn tượng.\r\n', '0000-00-00 00:00:00', '0000-00-00 00:00:00'),
(50, 'TIVI LED FULL HD PANASONIC TH-40C400V', 5, 17, 7900000, 0, 100, 0, 0, 'TIVILEDFULLHDPANASONICTH-40C400V_01.PNG', 'TIVILEDFULLHDPANASONICTH-40C400V_02.PNG', 'TIVILEDFULLHDPANASONICTH-40C400V_03.PNG', 'thumbnail-TIVILEDFULLHDPANASONICTH-40C400V_01.PNG', 'thumbnail-TIVILEDFULLHDPANASONICTH-40C400V_02.PNG', 'thumbnail-TIVILEDFULLHDPANASONICTH-40C400V_03.PNG', 'Model	PANASONIC TH-40C400V\r\nTính năng 3D	Không\r\nLoại màn hình	LED\r\nKích thước màn hình (inches) 	40\r\nĐộ phân giải (pixels) 	FHD (1920 x 1080)\r\nTỉ lệ màn hình	16:9\r\nTần số quét (Hz)	100Hz BMR\r\nChế độ hình ảnh	Động/Bình thường/Rạp/Rạp trung thực/Game\r\nBộ giải mã truyền hình kỹ thuật số	DVB-T2\r\nVivid Digital Pro	Có\r\nGóc nhìn	176 độ\r\nCông nghệ làm mờ đèn nền thích ứng	Có\r\nGiảm nhiễu	Có (Chấm nhiễu)\r\nSmart TV / Internet TV	Không\r\nCông suất loa	20 W (10 W x 2)\r\nHệ thống loa	2 Loa\r\nHệ thống âm thanh	Chế độ âm thanh vòm V-Audio\r\nPhát đa phương tiện	Có\r\nĐịnh dạng được hỗ trợ	AVI/MKV/WMV/MP4/M4v/FLV/3GPP/VRO/VOB/TS/PS, MP3/AAC/WMA/FLAC/WAV, JPEG\r\nCổng HDMI	Có\r\nĐầu vào video Component được chia sẻ với Composite	Loại RCA phono x 1 (phía sau)\r\nWifi	Không\r\nCổng USB	Có\r\nĐầu ra âm thanh kỹ thuật số (Quang)	Có\r\nCổng Ethernet (LAN)	Không\r\nNguồn điện	AC 220 - 240 V, 50/60 Hz\r\nĐiện năng tiêu thụ	68W - Chế độ chờ: 0.25W\r\nCảm biến xung quanh	Có\r\nKích thước sản phẩm	Có chân đế: 904x570x247 mm - Không chân đế: 904x527x59 mm\r\nKhối lượng sản phẩm	Có chân đế: 12 kg -Không chân đế: 10 kg\r\nKính 3D đi kèm	Không\r\n', 'Việc sở hữu một viền màn hình cực mỏng không những mang lại giá trị thẩm mỹ mà còn đem đến một cảm giác xem thú vị khi hình ảnh gần như tràn ra ngoài, khung tivi LCD Panasonic TH-40C400V làm bằng chất liệu cao cấp, đem lại sự chắc chắn và sang trọng cho sản phẩm. Tivi LCD Panasonic TH-40C400V có thiết kế mỏng, nhờ vậy bạn có thể dễ dàng bố trí ở các điều kiện không gian khác nhau và trở thành một đặc điểm nội thất nổi bật.', 'Khi nhu cầu giải trí, thư giãn ngày một tăng cao, việc sở hữu một chiếc tivi độ phân giải Full HD là rất cần thiết bởi có thể cho ra chất lượng hình ảnh tuyệt hảo. Tivi LCD Panasonic TH-40C400V có màn hình FHD rộng 40 inches cùng những công nghệ xử lý tiên tiến, hiện đại mang đến những hình ảnh sống động, trung thực. Tivi LCD Panasonic TH-40C400V sử dụng hệ thống âm thanh V-audio, cho khả năng phát âm thanh đa chiều mạnh mẽ. Tuy nhiên, tivi Full HD Panasonic TH-40C400V không được trang bị tính năng kết nối Internet, nếu bạn chỉ muốn theo dõi những chương trình đặc sắc qua đầu thu KTS hay qua đầu đĩa, cổng kết nối USB, HDMI, thì tivi LCD Panasonic TH-40C400V sẽ là một sự lựa chọn hợp lý.\r\nKhi mọi người vẫn đang chạy đua với công nghệ khi muốn trang bị cho nhà mình những sản phẩm tivi UHD, nhưng vẫn còn rất nhiều người lựa chọn cho mình tivi Full HD vừa tiết kiệm được chi phí mà vẫn đảm bảo được chất lượng hình ảnh. Tivi LCD Panasonic TH-40C400V có kích thước màn hình 40 inches cùng với độ phân giải FHD, hứa hẹn đem đến cho bạn những hình ảnh cực kỳ ấn tượng.\r\n', '0000-00-00 00:00:00', '0000-00-00 00:00:00'),
(58, 'OPPO Neo', 1, 4, 3990000, 0, 5, 1, 0, 'oppo_neo.jpg', 'oppo_neo_2.jpg', 'oppo_neo_3.jpg', 'thumbnail-oppo-neo-1.jpg', 'thumbnail-oppo-neo-2.jpg', 'thumbnail-oppo-neo-3.jpg', 'Mạng 2G	\r\nGSM: 850/900/1800/1900MHz\r\nMạng 3G	\r\nWCDMA: 2100MHz\r\nSIM	\r\n2 sim 2 sóng (1 Nano Sim + 1 Micro Sim)\r\nKích Thước	\r\n142.7 x 71.7 x 7.55mm\r\nTrọng Lượng	\r\n142 g\r\nMàu Sắc	\r\nTrắng\r\nLoại	\r\nIPS-LCD\r\nKích Thước	\r\n5.0 inches, 540x960 pixels, qHD, 220ppi\r\nAudio	\r\nMP3, WAV, WMA, AAC, eAAC+, AMR, FLAC\r\nVideo	\r\n3GP, MP4, AVI, WMV, H.264(MPEG4-AVC)\r\nRadio	\r\nCó\r\nKiểu Chuông	\r\nRUng, đa âm, midi\r\nLoa Ngoài	\r\nCó\r\nBộ Nhớ Trong	\r\nRAM 1GB ROM 16GB\r\nKhe Cắm Thẻ Nhớ	\r\nMicroSD hỗ trợ đến 32GB\r\nWLAN	\r\nWi-Fi 802.11 b/g/n, Wi-Fi Direct, Wi-Fi hotspot\r\nGPRS	\r\nCó\r\nTốc độ 3G	\r\nHSDPA, 7.2 Mbps; HSUPA, 5.76 Mbps\r\nBluetooth	\r\nv4.0, A2DP\r\nEDGE	\r\nCó\r\nUSB	\r\nMicro USB\r\nGPS ( A-GPS)	\r\nCó\r\n3.5mm jack	\r\nCó\r\nCamera chính	\r\n8.0 MP\r\nCamera Phụ	\r\n5.0 MP\r\nQuay Phim	\r\nCó\r\nTin Nhắn	\r\nSMS. MMS. Email\r\nTrình Duyệt	\r\nHMTL\r\nCPU	\r\nQuad Core 1.3GHz\r\nChipset	\r\nMT6582\r\nGPU	\r\nMali-400MP\r\nTrò Chơi	\r\nCó thể cài đặt thêm tại Viễn Thông A\r\nBảo Hành	12 tháng\r\nLoại Pin	\r\nLi-Ion 2420mAh\r\nHệ Điều Hành	\r\nAndroid 5.1 (Lollipop) ', 'Không chỉ sở hữu thiết kế sang trọng, đẹp mắt và màn hình rộng 5 inches, OPPO Neo 7 (A33W) còn được trang bị bộ đôi camera chụp ảnh khá chất, hứa hẹn sẽ trở thành người bạn đồng hành, mang đến cho bạn nhiều trải nghiệm mới mẻ và thú vị.', 'OPPO Neo 7 (A33W) - Thiết kế đẹp, màn hình rộng\r\nKhông chỉ sở hữu thiết kế sang trọng, đẹp mắt và màn hình rộng 5 inches, OPPO Neo 7 (A33W) còn được trang bị bộ đôi camera chụp ảnh khá chất, giúp bạn nắm bắt những khoảng khắc đẹp trong cuộc sống thường ngày. Dòng sản phẩm OPPO Neo 7 (A33W) hứa hẹn sẽ trở thành người bạn đồng hành, mang đến cho bạn nhiều trải nghiệm mới mẻ và thú vị.\r\n\r\nOPPO Neo 7 (A33W) hứa hẹn thu hút người dùng \r\n\r\nOPPO Neo 7 (A33W) có nhiều tính năng hấp dẫn, hứa hẹn thu hút người dùng.\r\n\r\nOPPO Neo 7 (A33W): nặng 142 g, kích thước 142.7 x 71.7 x 7.55mm, thiết kế đẹp mắt\r\nOPPO Neo 7 (A33W) có trọng lượng 142 g với kích thước chiều dài là 142.7 mm, chiều rộng 71.7 mm và độ dày là 7.55 mm. Máy được hãng OPPO đầu tư, chăm chút và thiết kế theo xu hướng hiện đại, các góc cạnh được bo tròn nhẹ nhàng, vừa mang đến nét sang trọng, tinh tế cho sản phẩm, vừa giúp người dùng cầm chắc chắn và thao tác dễ dàng khi sử dụng chỉ bằng một tay.', '2015-12-06 22:17:30', '2015-12-16 21:31:03');

-- --------------------------------------------------------

--
-- Table structure for table `types`
--

CREATE TABLE IF NOT EXISTS `types` (
  `id` int(10) unsigned NOT NULL,
  `type_name` varchar(255) COLLATE utf8_unicode_ci NOT NULL,
  `created_at` timestamp NOT NULL DEFAULT '0000-00-00 00:00:00',
  `updated_at` timestamp NOT NULL DEFAULT '0000-00-00 00:00:00'
) ENGINE=InnoDB AUTO_INCREMENT=6 DEFAULT CHARSET=utf8 COLLATE=utf8_unicode_ci;

--
-- Dumping data for table `types`
--

INSERT INTO `types` (`id`, `type_name`, `created_at`, `updated_at`) VALUES
(1, 'Mobile phone', '2015-11-20 06:38:15', '2015-11-20 06:38:15'),
(2, 'Desktop', '2015-11-20 06:38:15', '2015-11-20 06:38:15'),
(3, 'Laptop', '2015-11-20 06:38:15', '2015-11-20 06:38:15'),
(4, 'Camera', '2015-11-20 06:38:15', '2015-11-20 06:38:15'),
(5, 'Television', '2015-11-20 06:38:16', '2015-11-20 06:38:16');

-- --------------------------------------------------------

--
-- Table structure for table `users`
--

CREATE TABLE IF NOT EXISTS `users` (
  `id` int(10) unsigned NOT NULL,
  `name` varchar(255) COLLATE utf8_unicode_ci NOT NULL,
  `gender` int(11) NOT NULL,
  `dob` date NOT NULL,
  `phone` int(11) NOT NULL,
  `email` varchar(255) COLLATE utf8_unicode_ci NOT NULL,
  `password` varchar(60) COLLATE utf8_unicode_ci NOT NULL,
  `is_admin` bit(1) NOT NULL DEFAULT b'0',
  `is_active` int(1) NOT NULL DEFAULT '1',
  `profile_pic` varchar(200) COLLATE utf8_unicode_ci NOT NULL,
  `remember_token` varchar(100) COLLATE utf8_unicode_ci DEFAULT NULL,
  `created_at` timestamp NOT NULL DEFAULT '0000-00-00 00:00:00',
  `updated_at` timestamp NOT NULL DEFAULT '0000-00-00 00:00:00'
) ENGINE=InnoDB AUTO_INCREMENT=8 DEFAULT CHARSET=utf8 COLLATE=utf8_unicode_ci;

--
-- Dumping data for table `users`
--

INSERT INTO `users` (`id`, `name`, `gender`, `dob`, `phone`, `email`, `password`, `is_admin`, `is_active`, `profile_pic`, `remember_token`, `created_at`, `updated_at`) VALUES
(1, 'Quốc Huy', 1, '1994-07-27', 1238014905, 'huyle@gmail.com', '$2y$10$hp5iK8EnRzlQtIXwY1IQAOkE1FACwx8FH4QO18kdLCKNVaI3YYXxm', b'1', 1, 'HuyLe.jpg', 'Pb1YLmiUvMHzTN5y0lblUl7miCFntM5v6CKjZwBh29PfF7qd4THgDClvdGsl', '2015-12-14 20:58:45', '2015-12-17 03:07:57'),
(2, 'Huy Le', 1, '1994-09-28', 2147483647, 'huyle@luxurycars.com', '$2y$10$fL4ep.2RFE5oAz9TVtw1yeKm7ZYDRTvxW3ky5B5PzaRqzK9vBNgWK', b'0', 1, 'ui-sam.jpg', 'JQw4A1MX7iLyz0nSkjXsR5lqQ53PggkQs6icTKMKgEDPfrsFZ91EMJ9g81Cj', '2015-12-14 20:59:40', '2015-12-16 23:04:15'),
(3, 'Phan Tâm', 1, '1991-06-05', 1222221055, 'phantam@gmail.com', '$2y$10$0GE0eJUjg2CBG4VWqEOnh.Zc2tR/4r0xIxt/IvUaJitF7t8/2vHR2', b'1', 1, 'tam.jpg', 'REkyYz1kwZuMxRFycTyUYHN4bo5UKnFvAWhW2NkHkwjuAyYRvdwBKOktIoxJ', '2015-12-14 21:00:21', '2015-12-14 21:00:27'),
(4, 'Hậu Lê', 1, '2010-06-16', 1234578999, 'haule@gmail.com', '$2y$10$w9cwn7gKx/HN39qV.0gpYOIHtWlogmbN8il2NPNSWHzKycJhyR7f6', b'1', 1, 'fr-09.jpg', 'fEEPlxj8gbxIwlVShLMhPtPdoNkRluukUEOQk1UTxkf3gA9hdVmIjzrcUik1', '2015-12-14 21:01:11', '2015-12-14 21:01:14'),
(5, 'Giáp Lưu', 1, '1991-11-01', 1238081115, 'giapluu@gmail.com', '$2y$10$7PYKuY.5.SNTl7e1gjJl4eIg6zE/Y7qr/waOoIG5L2SpoXNqQ8n0i', b'1', 1, 'giap.jpg', 'mdMTs7cSyjR9cf1YB89Bt4HnouuTuBOw100k5v90ZnU0mpHk0TPPde2aM5Pz', '2015-12-14 21:01:47', '2015-12-14 21:01:56'),
(6, 'Hoàng Việt', 1, '1994-07-14', 1234578999, 'viet@gmail.com', '$2y$10$BtPSUxN7qQiOBy/A.wSdkuAlLoQMW.1ksOJZilzfrJ75fWkR2DR66', b'0', 1, 'fr-11.jpg', '3GrXLzJaXXQmdFUtWUYXPTMUoJs3FXF6pj5WABMx3WziW5Lm2vQkQeUNFNNa', '2015-12-14 21:05:40', '2015-12-16 23:02:51'),
(7, 'Teo Le', 1, '1995-11-07', 1234578999, 'teo@gmail.com', '$2y$10$fBYQL6tnI8pfi8d8iXLL1OmoJCTRiBIVByVXtDLIAwU.CIRBvtk3.', b'0', 1, 'fr-05.jpg', 'EnrcgefltJ4JV8zUwVHj55IP2fMKo33BNMUXYfot71eGPKC0fBcolCrM0E54', '2015-12-14 21:07:41', '2015-12-17 00:34:55');

--
-- Indexes for dumped tables
--

--
-- Indexes for table `brands`
--
ALTER TABLE `brands`
  ADD PRIMARY KEY (`id`);

--
-- Indexes for table `orderdetails`
--
ALTER TABLE `orderdetails`
  ADD PRIMARY KEY (`id`);

--
-- Indexes for table `orders`
--
ALTER TABLE `orders`
  ADD PRIMARY KEY (`id`);

--
-- Indexes for table `password_resets`
--
ALTER TABLE `password_resets`
  ADD KEY `password_resets_email_index` (`email`),
  ADD KEY `password_resets_token_index` (`token`);

--
-- Indexes for table `products`
--
ALTER TABLE `products`
  ADD PRIMARY KEY (`id`);

--
-- Indexes for table `types`
--
ALTER TABLE `types`
  ADD PRIMARY KEY (`id`);

--
-- Indexes for table `users`
--
ALTER TABLE `users`
  ADD PRIMARY KEY (`id`),
  ADD UNIQUE KEY `users_email_unique` (`email`);

--
-- AUTO_INCREMENT for dumped tables
--

--
-- AUTO_INCREMENT for table `brands`
--
ALTER TABLE `brands`
  MODIFY `id` int(10) unsigned NOT NULL AUTO_INCREMENT,AUTO_INCREMENT=20;
--
-- AUTO_INCREMENT for table `orderdetails`
--
ALTER TABLE `orderdetails`
  MODIFY `id` int(10) unsigned NOT NULL AUTO_INCREMENT,AUTO_INCREMENT=8;
--
-- AUTO_INCREMENT for table `orders`
--
ALTER TABLE `orders`
  MODIFY `id` int(10) unsigned NOT NULL AUTO_INCREMENT,AUTO_INCREMENT=8;
--
-- AUTO_INCREMENT for table `products`
--
ALTER TABLE `products`
  MODIFY `id` int(10) unsigned NOT NULL AUTO_INCREMENT,AUTO_INCREMENT=59;
--
-- AUTO_INCREMENT for table `types`
--
ALTER TABLE `types`
  MODIFY `id` int(10) unsigned NOT NULL AUTO_INCREMENT,AUTO_INCREMENT=6;
--
-- AUTO_INCREMENT for table `users`
--
ALTER TABLE `users`
  MODIFY `id` int(10) unsigned NOT NULL AUTO_INCREMENT,AUTO_INCREMENT=8;
/*!40101 SET CHARACTER_SET_CLIENT=@OLD_CHARACTER_SET_CLIENT */;
/*!40101 SET CHARACTER_SET_RESULTS=@OLD_CHARACTER_SET_RESULTS */;
/*!40101 SET COLLATION_CONNECTION=@OLD_COLLATION_CONNECTION */;
